,MKT_RF,MKT_RF,MKT_RF,MKT_RF,MKT_RF,MKT_RF,SMB,SMB,SMB,SMB,SMB,SMB,HML,HML,HML,HML,HML,HML,RMW,RMW,RMW,RMW,RMW,RMW,CMA,CMA,CMA,CMA,CMA,CMA
,const,trend,OIL_WTI_LOGRET,POT_GDP_GROWTH,TERM_SPREAD_10Y3M,LIQUIDITY_PS,const,trend,OIL_WTI_LOGRET,POT_GDP_GROWTH,TERM_SPREAD_10Y3M,LIQUIDITY_PS,const,trend,OIL_WTI_LOGRET,POT_GDP_GROWTH,TERM_SPREAD_10Y3M,LIQUIDITY_PS,const,trend,OIL_WTI_LOGRET,POT_GDP_GROWTH,TERM_SPREAD_10Y3M,LIQUIDITY_PS,const,trend,OIL_WTI_LOGRET,POT_GDP_GROWTH,TERM_SPREAD_10Y3M,LIQUIDITY_PS
1975-03-31,0.18105370907334223,0.0,0.1529335912741084,0.03274656271504117,1.7693859796121474e-05,-0.15478485997736008,0.1330071868336763,0.0,0.11234935120550595,0.024056553204529044,1.2998410956376874e-05,-0.11370934567097689,0.04997429813852747,0.0,0.04221260599876487,0.009038679718351079,4.883844850228874e-06,-0.04272359168684789,0.01618696051789102,0.0,0.013672904114935719,0.002927679971197337,1.5819052335066886e-06,-0.013838415297009335,-0.039400972503752144,0.0,-0.033281462476144455,-0.007126318614136053,-3.850544056127677e-06,0.03368433622917168
1975-06-30,0.2395021672996321,0.00046410554195636046,0.20230420437411553,0.11100683862109806,0.00032574698115007874,0.6687374093938917,0.15309547377025834,0.00015950951622336904,0.1293176523769101,0.05095400996977558,0.00011887390675661635,0.16932894392335643,0.039520639358122105,-8.30064833348276e-05,0.03338254343101105,-0.004958374185361939,-5.021225716165627e-05,-0.19001269157622572,0.008632277532414913,-5.9987386283284764e-05,0.007291566743723712,-0.007187754939628421,-3.823511894710313e-05,-0.12028176496574848,-0.044738795959895175,-4.238458161529998e-05,-0.03779024892914357,-0.014273462424127577,-3.1983590278407915e-05,-0.04152408875762785
1975-09-30,0.2993388615063319,-0.02241570522553143,0.25284744141597254,-3.1412370373631644,-0.01609863122234248,1.088717545543498,0.14635015844748017,0.0027387218239601197,0.12361997679838398,0.4175753740161843,0.0019703734160780645,0.12198511109317962,0.038073643662660105,0.00047028256667811706,0.03216028596167889,0.07368873277020521,0.0003469688517912616,-0.2001688249864164,0.00022853485081100064,0.0031533592874076117,0.00019304026216686142,0.44957244937884,0.002268480684080014,-0.1792657219235694,-0.04814477710416977,0.0012599635024790393,-0.04066723460854113,0.17084841746984308,0.0009029130180517147,-0.06542989511374292
1975-12-31,-0.07619228470342952,0.47012263052283126,-0.06435858059384524,53.204651282183946,-0.39895866705304445,0.6172112183781286,0.2731712836240379,-0.16359705767834964,0.23074404634651818,-18.611069860555517,0.13126654769949017,0.2812181428736577,-0.026269501722502153,0.08486132726346281,-0.022189488743363007,9.727939040880857,-0.06525190143169562,-0.28095626556232844,0.06394901234295514,-0.08042100798901798,0.05401685591595289,-9.111250786398989,0.06723253104853312,-0.09926008561141547,-0.1318800923349096,0.111085348755813,-0.11139730990100344,12.734761605533116,-0.0844665859252635,-0.17056559780304037
1976-03-31,3.453967518737855,3.7448706826376017,2.9175191134521286,-397.793688497593,-0.2602702175333841,1.1642797971726266,1.3331168673371796,0.8196600549964353,1.1260655810531623,-154.02525084055952,0.17290834800470178,0.4454778241255343,3.0807684366661903,2.9671009433472606,2.602282954120066,-387.2141343689661,0.05681347188478375,0.20054115207806247,-0.9099335849360346,-0.9838419056262628,-0.7686084514751997,115.30788573118298,0.02897186440700117,-0.25018259282673866,1.5505118330345402,1.6717539833956725,1.3096961346540656,-202.2005408872523,-0.018370901705407186,0.09015454259683378
1976-06-30,3.6696573533348413,3.7448706826376017,0.7346649710305516,-397.79368849759305,-0.260270217533384,1.1642797971726235,1.5898848345029095,0.8196600549964355,-1.4725131689196553,-154.0252508405596,0.1729083480047019,0.4454778241255308,3.5428941075231375,2.9671009433472606,-2.0745852758281758,-387.2141343689662,0.056813471884783896,0.20054115207805603,-1.030632062350545,-0.9838419056262628,0.45290099935509043,115.307885731183,0.028971864407001127,-0.250182592826737,1.7899043872434555,1.6717539833956725,-1.1130375541922668,-202.20054088725234,-0.018370901705407106,0.09015454259683044
1976-09-30,3.7750169222311643,3.814709138761233,0.6441481105740791,-409.44410258007616,-0.24983215877249004,1.1387319526523902,1.3690001927094073,0.6688408488406223,-1.2859458446503762,-129.61578127308942,0.1529559147150041,0.4972978023159326,3.0259385972195387,2.6265835476173445,-1.628894036468116,-330.0428675184571,0.004655314311050915,0.3267438822913361,-0.9988203917327168,-0.962128631502346,0.42602615461272425,111.79242220474953,0.03184874034185057,-0.2576486842701514,1.3422935613759406,1.375770635355696,-0.7279621399146483,-152.70226461285299,-0.06303136721725233,0.19897655220733704
1976-12-31,3.7973296091490685,3.8249079368463423,0.5979882524138186,-411.608593312233,-0.2467939713772615,1.1399256142095813,0.6169670047554165,0.3200335617141366,0.26461168601842994,-56.58527361164717,0.05249528893077125,0.4592918047602814,2.3488273641967217,2.317931219480423,-0.22724840391280504,-264.3711691229538,-0.087866947010002,0.2901467629623856,-0.710515743119235,-0.8284331405511686,-0.16843319295513084,83.79533751252328,0.07037184936541781,-0.24306720797881307,1.0457982285082341,1.2403916579776089,-0.114434016749106,-123.94230691335135,-0.10345883683923006,0.18305102925626576
1977-03-31,3.858341822744875,3.892372371713951,0.6001217744066464,-418.4828057397035,-0.2526988688293663,1.1561602253144052,-0.103378224730453,-0.4817130962133005,0.2263946029351553,24.764032829779573,0.12425802173061636,0.26001067449676785,1.8856635142826914,1.806421118843861,-0.24185777560466615,-212.2093953424972,-0.043289375190267744,0.16780867969020805,-0.49154008272375893,-0.5847331726068274,-0.15686718426416546,59.06695045573839,0.04856501017413407,-0.18251899564581947,0.8824869858073683,1.0598970668867596,-0.11992660316295664,-105.5452367749574,-0.08768738757984502,0.13972050835644773
1977-06-30,1.9742822244836022,1.5958075370919296,0.07335873433427724,-202.3566954320481,0.004010758558094183,0.8291325268486468,-0.14681997515183826,-0.5344812882483988,0.21459732204778229,29.750182309948556,0.13009193821351264,0.25246308680179846,1.2597800076606966,1.0430105410971264,-0.4177920913863115,-140.42023203205594,0.042217401087394656,0.059182467577183755,-0.12935220020646165,-0.14476732619138408,-0.05847144082240674,17.49611595135955,-8.360778462489805e-05,-0.11959333547604371,0.5104590078438362,0.6063008933936016,-0.2241606655900208,-62.870601440022476,-0.036944337418829916,0.07514833945354828
1977-09-30,1.7029121911498726,1.350043313491768,0.08614064447587469,-171.43881827223547,0.005902781881100034,0.7876392586836168,-0.4215491792366286,-0.7816690503898783,0.23134197643549875,61.09435910873462,0.13121758812690107,0.21290798012515535,1.3726495058398918,1.1453615465431022,-0.42278928601287763,-153.27631775801916,0.04136646756534027,0.07663931050698157,-0.3021025723046066,-0.3002123361349733,-0.047971598601561215,37.20505483430718,0.000630448318244859,-0.14448508732890888,0.616469040363087,0.7023560738175859,-0.22903787506216713,-74.9473410248543,-0.037706798524979886,0.09143008194122298
1977-12-31,1.6275868798989321,1.3113735348080486,0.14177035841937688,-163.1195584697734,-0.005320274803667145,0.7794107666477286,-0.8327728770601283,-0.9850014240352073,0.5532141056044751,106.57305364126765,0.06653706041645213,0.17609189404207765,1.0585822414674844,0.9829572648684226,-0.1935568031883199,-118.59822122279488,-0.004914916847864419,0.0411570382454854,-0.35392062713718786,-0.32584642712181855,-0.007441651423647314,42.93569773316178,-0.00751450597441918,-0.14913753583337042,0.7003192867100612,0.7455238150509242,-0.290681716043033,-84.2072079864679,-0.02526678332202019,0.10071202621694214
1978-03-31,1.58673008361884,1.3009828953581668,0.14412693985701183,-158.2534165163919,-0.01658262501467009,0.7504637454504156,-0.976779533225137,-1.0379267858449364,0.559114333595363,123.65190563984993,0.033741787549474725,0.08564988084067235,0.9533319302873784,0.9590869634706701,-0.18705480306276795,-106.04889428681109,-0.03515624898998832,-0.035458028331384686,-0.2890303849511127,-0.3020760870522316,-0.01011176304632861,35.2395402603693,0.007296251885258638,-0.10832793703189852,0.6409137289705343,0.7310362612293939,-0.2871629812135615,-77.12893551771126,-0.041905250444861125,0.05818490704981771
1978-06-30,1.267723635579165,1.0502304982038473,0.12555164326614082,-121.11603312049837,-0.033033055888882334,0.6955690029903024,-0.9690367433677167,-1.0315512689572504,0.5593736214982173,122.75445488675453,0.03401146251575903,0.08669876671822573,0.9722751494255554,0.9737842655202901,-0.1858227264062863,-108.25708059111409,-0.034092211990568826,-0.03202403769751634,-0.28525123093032234,-0.29896565317641693,-0.009984310878906656,34.80148978417825,0.0074284852337608565,-0.10781453218146372,0.6444081339640823,0.7337697038870601,-0.2869506130293882,-77.53593731132703,-0.04171904299187189,0.0587983478293923
1978-09-30,0.9010694870444024,0.7069210554742233,0.1597976419230436,-79.44710698364034,-0.02699101118168507,0.7563494278581168,-0.8274099705913801,-0.8981428867529512,0.5468513673229275,106.64478469918905,0.031373737264631406,0.061451193212337385,0.9142611094569119,0.9195573378969716,-0.18034602788624762,-101.66456859837605,-0.03317475357139219,-0.02251606043441524,-0.3289780698176029,-0.34015283832040794,-0.006115351595966767,39.775228985422935,0.008242108584806007,-0.10002729004964124,0.5955882289613718,0.6880874280684426,-0.28237186174003176,-71.98794322292656,-0.0409265460443147,0.06685414098657354
1978-12-31,0.8343835943905451,0.6166630711133737,0.18163990890840148,-72.23829971904722,-0.013320574724832748,0.7817172337906642,-1.0117858173880616,-1.1596850913977002,0.6099851384852636,126.52844656304158,0.07430766979646539,0.142729631081611,0.8669792633439585,0.8561676609793742,-0.1650196154978924,-96.55099005522396,-0.02374098726169991,-0.0050838190141267135,-0.29953740279333974,-0.29841473245321853,-0.016191461701495977,36.60015797709658,0.0013969465417189553,-0.11298269756886266,0.5308654337698497,0.6008081602925255,-0.261256448928758,-64.9900907149264,-0.027796146672284017,0.09118040936006305
1979-03-31,0.9998972187934354,0.8103194101896923,0.1564720856246195,-90.69504500612373,-0.03309855148558216,0.754493359307248,-0.810076582433025,-0.9208990871830736,0.5796332986100539,104.0241073733461,0.049053413348847684,0.1104517282259648,0.9198676857863148,0.9179027099211343,-0.1730758607566853,-102.44803258048545,-0.030000479444619487,-0.01383450137696627,-0.4233141807949978,-0.44492195758599756,0.002436411015862212,50.40963096067974,0.016885111440462338,-0.09316925952801618,0.5112849389909034,0.5779193026878878,-0.2582769998585551,-62.806723942514594,-0.02546504749882032,0.09440835633009499
1979-06-30,1.0584881774273485,0.8848404062862156,0.21619619241920654,-97.59666225587357,-0.042200113369688194,0.7260793423700257,-0.8007940848409097,-0.9084289611551739,0.5918276929435157,102.91293189381254,0.04736172591834236,0.10359653262630407,0.983654986557061,0.9982558104787643,-0.11119593437715478,-109.94079705322864,-0.039617643914964834,-0.04207563933883166,-0.4595563816188238,-0.4935730080220781,-0.04502169100550913,54.747081382757386,0.023476195454937916,-0.06653674904698648,0.5068755731389101,0.5723322508311526,-0.2626859431917169,-62.28790059574659,-0.02478803467155938,0.096473215669195
1979-09-30,1.0573807551835446,0.8826074364891171,0.20181259385499062,-97.37110289490349,-0.04186446593327334,0.723671681843084,-0.8162993236524307,-0.9348425999771537,0.4471953561567464,105.64409849208522,0.05078295285110626,0.08370814672512471,0.9784550474622077,0.9872594627362493,-0.18473265760492982,-108.83655098121444,-0.03790692118170219,-0.054880137483936074,-0.447841095848312,-0.47358345364159626,0.06463476158795554,52.68066453918704,0.020882736245980065,-0.05142101830790315,0.5087667551646319,0.5762136214792127,-0.2373247285300651,-62.679098792510146,-0.025379157657109252,0.10078382902764305
1979-12-31,0.9857154708953075,0.7929756702172794,-0.14600784876114872,-86.49969415796957,-0.037169966115642675,0.589512759992238,-0.8307850093247503,-0.9513229569420582,0.4049237375313459,107.59402071999416,0.05158242450289972,0.06794649228971805,0.9384706883202387,0.9351985973792373,-0.4141032942696753,-102.45970612135486,-0.03510432213124824,-0.14389073128361596,-0.4232328353059512,-0.4455680874524484,0.13676161212305252,49.36534548970256,0.019522848637776594,-0.024515146962956917,0.502204618804072,0.5678907170070373,-0.27116189040251726,-61.666106871134986,-0.024938941913564345,0.08770119708429537
1980-03-31,0.3289720031277067,0.11595895336630556,0.06288261470590285,-13.07917500813259,4.644093215966671e-06,0.6513933915015936,-0.5401360065634281,-0.6524325330388399,0.31865917348453837,75.15567975385103,0.03521174785393425,0.04014983513295927,0.4596002405482468,0.4411230779397547,-0.25936394843112703,-48.89179896595259,-0.007947844322548579,-0.09872926280108156,-0.21388954700761525,-0.23028520331247576,0.07457939984502368,26.001002775874362,0.007731329081220618,-0.04452907134108102,0.3191658672959021,0.37914271497348573,-0.21259109948942123,-41.19877653409787,-0.014571155947226227,0.10495056201231223
1980-06-30,0.37532173124162,0.16372392370349595,0.045058674481133265,-18.294597138701057,-0.0024782711828382873,0.6650450341812878,-0.16125372503352725,-0.26388650439787475,0.18856576977871803,32.65185786221822,0.015072087488610322,0.16956135630604102,0.29777669592345474,0.274121295696801,-0.19546556546172705,-30.665921336882818,0.0007400511983927069,-0.14446499542167848,-0.1312032382920373,-0.1454861732377365,0.046152397829143994,16.724840048698034,0.0033357849316272914,-0.01632665641190682,0.11085905438972288,0.16436205200471005,-0.13167493428683108,-17.75134343934112,-0.0034031704217168893,0.044533363852443254
1980-09-30,0.43379052989745004,0.2222063545933532,0.0317974828851866,-24.899795327869164,-0.004471737723118895,0.6685684804944164,-0.036703285926379864,-0.14084313571444113,0.1722825415362676,18.64548245994761,0.011289914864550237,0.17620422715964443,0.05474173554240419,0.030180594326763708,-0.1342799843456508,-3.1712441267896163,0.009266547613982733,-0.1594411000588579,-0.012253402409222097,-0.027961974020232677,0.03048499810625428,3.347778263164542,-0.0002807255467098563,-0.009972686772887552,-0.009845439542020676,0.043472329898243886,-0.10316606869758703,-4.1082387342059485,0.0007569819394730029,0.03719501933154052
1980-12-31,0.3982775930851345,0.1864461932770103,0.058790333257371354,-20.994215654749542,-0.002809487421062205,0.6700197244416267,0.010504072583707849,-0.09349164590721487,0.13920607428734763,13.449369881158995,0.009139010253600068,0.17657694106855126,-0.10307444137755775,-0.1289217830516411,-0.011764464691563935,14.182051198228821,0.016711263200889906,-0.15097998122425152,0.06318086576291518,0.047705109671039185,-0.02241291290690444,-4.955171229585555,-0.0037185823193407737,-0.009414250239323926,-0.11934742166859084,-0.06684012480466808,-0.019271461213819358,7.933645423255506,0.0058972892740368895,0.042194320187713276
1981-03-31,0.3085712964374271,0.09267234802573447,0.13501360807671467,-11.020300900567229,0.003133040544018321,0.597722621716366,0.06192281894746101,-0.03986044259564861,0.09873508212916825,7.735130037712886,0.005697158243328213,0.22116806738184186,-0.003730673043074978,-0.025018392144666616,-0.09790430916326612,3.1362620251139823,0.010152081710564106,-0.07267228978770335,0.0163467211006285,-0.0011453007890901417,0.014477891855001807,0.2496043880401514,-0.000583890396162779,-0.050002950745133154,-0.07217787188117919,-0.017521706077234283,-0.059657021944724685,2.689042730641396,0.0027763697378895983,0.07990013492683226
1981-06-30,0.2640102112417728,0.0462808186718627,0.14869550190478847,-5.920729928617448,0.005426545089101635,0.5407987180930782,0.07932974042027774,-0.02198923272932925,0.09561158249850969,5.7604617035896535,0.004846676119194719,0.24272454778568078,0.03283444706481983,0.013194355962478668,-0.11043847894721401,-1.0585984835839988,0.008247340768985487,-0.025620396208738523,0.014558755340877734,-0.0029812001575961855,0.01480091078187498,0.4524504183268528,-0.0004964830415510085,-0.052217880558894085,-0.060542144627351774,-0.005390687669626388,-0.0633844509709277,1.3562214308517049,0.0021747276849056175,0.09480552492981749
1981-09-30,0.20263531662357753,-0.0177700842698684,0.24400393598114495,0.3780578998832537,0.01078603032179349,0.5739090288605272,0.058138936347387066,-0.044316175319511,0.12577603503132795,7.981258094399196,0.006653432308753066,0.252057661541436,0.06723040870017857,0.048971972070650405,-0.16507926883995647,-4.565768220044062,0.005226670249246786,-0.04508408006907381,0.0176283630237181,0.00025273375759375877,0.010427560737565173,0.13081537339603072,-0.0007582676291560356,-0.05357288478411246,-0.0564889276497684,-0.0011657830638575899,-0.06973259538707853,0.9412362999586142,0.0018200166458397832,0.09257886916021175
1981-12-31,0.1984072179695584,-0.02240876539668071,0.2428663269518602,0.8879372704279285,0.010985896968975915,0.5571848992828001,0.054611038144036075,-0.048049861601846745,0.12396817423756616,8.396147892409976,0.006797160667506889,0.23792218274822605,0.0650498398327551,0.04655589572320801,-0.16550776880290657,-4.301034624343544,0.005333778413352516,-0.053683931255861725,0.024368835558739355,0.007388847907581692,0.013866702835165477,-0.6620752111698411,-0.001033292716754338,-0.02656915546265582,-0.0573290262916167,-0.0020908746517055575,-0.06993614660348624,1.042802260275672,0.0018603067979481892,0.08925963225947964
1982-03-31,0.17692112149942843,-0.04431345101133256,0.20999723609947793,3.624301541757078,0.010275895370028041,0.4727066861558086,0.047431343933600906,-0.05495408374532848,0.11276607210568854,9.260329922032899,0.006551193951071174,0.21293910232751304,0.07746476763045615,0.05945714759815097,-0.14665499492826212,-5.911370884825221,0.005738702249042086,-0.003023129057470517,0.015411139164123792,-0.0012293453772585117,-0.00010728528374306367,0.4166277092173554,-0.0013400896721877244,-0.05777310552231412,-0.047398035792707044,0.008104485614116991,-0.05478353861357841,-0.23044753752889835,0.0021869305733322685,0.1288438233653868
1982-06-30,0.16967302605731946,-0.05182101032067467,0.23303713288300854,4.322932490847328,0.010881313460854004,0.4799375682112875,0.04964530023174424,-0.05263786633242337,0.10612918523241575,9.039121737353575,0.006376524524102747,0.21141376143269983,0.06893423077478102,0.05065319493131302,-0.11908305110032419,-5.098763505289313,0.006463385413040276,0.006255504295273138,0.02063740389337925,0.004237894460297951,-0.015783050788293368,-0.10539712357143297,-0.001752628922443913,-0.06138889708001108,-0.04286798995668581,0.012790594380999429,-0.06927274630341415,-0.6652217159661227,0.001806175065160718,0.12417367670553736
1982-09-30,0.16924108303826677,-0.0522148015005188,0.24026429198571755,4.336024085827761,0.011007619699996606,0.48614188061175495,0.05463586426597847,-0.04736313472004527,0.034179155914217295,8.721219724706655,0.005177297766804312,0.1576635574163568,0.06862832035243369,0.05039276077397414,-0.11375897641884211,-5.093241191137398,0.006557819103645936,0.011011770505366928,0.019051353807531115,0.0025630646829711595,0.007116387229904792,-0.0047653582563064005,-0.0013707935298229888,-0.044259311289308566,-0.04373052520398659,0.012022609195193122,-0.05462489742562424,-0.6428738936946948,0.0020635618877993625,0.13693542202031633
1982-12-31,0.17292036731340255,-0.04940068337216063,0.3172815661052873,3.513647936719697,0.013248131073195347,0.5445706169648455,0.05506913709239593,-0.04709258425008011,0.040497789640325015,8.651330421055658,0.00536099573519126,0.16199224000338894,0.0659912993254106,0.04816502475290969,-0.17621950721017113,-4.4257869307171,0.004737690755511058,-0.037922096594568154,0.019000413120491135,0.0025312214460194377,0.0063712301155267595,0.0034716645494096625,-0.0013924564725951033,-0.04477023858857188,-0.043900258036186295,0.011888257091349136,-0.058339343852075995,-0.603222031078457,0.001955446080481504,0.1340840282130481
1983-03-31,0.20365315580742666,-0.020500154700598835,0.30455388061295396,0.3979577165024828,0.013219969114087864,0.44018102496139155,0.0665953105814087,-0.03612474074626717,0.037370910451045354,7.461432478996501,0.005351289211439855,0.12514241848454616,0.056834782496910465,0.039578781529787235,-0.17209106295355375,-3.5015412501969716,0.0047460641886502,-0.006319818958557802,0.014835730119143792,-0.0014312403357373677,0.007507221017055993,0.43333003471565856,-0.0013889450758742506,-0.03144743683769955,-0.04040069357611792,0.015175602509324405,-0.05983692529352262,-0.9574149900392052,0.0019522360304212278,0.12212564936411704
1983-06-30,0.23575732966742038,0.010283599918947997,0.2639930178497208,-2.7458692871019856,0.012413055393884168,0.31762031023032244,0.07882465730309252,-0.024197254655183603,0.025937253020182665,6.216537447775951,0.005112378420372976,0.08355397669157553,0.03799887076486047,0.02162410140818208,-0.14664447665253477,-1.6796509875917771,0.005248635788086644,0.0678290229149916,0.015522495419930397,-0.0007615163945939245,0.006862897811799141,0.36344353357881565,-0.0014023985175138746,-0.03378562635218524,-0.043309926021735334,0.012391993315536344,-0.056065908917334484,-0.6738105462758923,0.002027037721089724,0.1333604315601312
1983-09-30,0.2361349452114775,0.010238420196942637,0.2365364245579569,-2.6703870024525127,0.011988407751883414,0.28594532641679715,0.07985763711947146,-0.023372520579101268,-0.009887682180983902,6.201620483122104,0.004607408154433787,0.041822515958454196,0.03763335073767986,0.02200409040321604,-0.10659583166690617,-1.8296556011840945,0.005885849217153345,0.11387022590851151,0.015186954543800833,-0.0010281629445501243,0.018555137371573865,0.36798527232521117,-0.001237452466293132,-0.020166722318228008,-0.04351219925764382,0.012467622561058185,-0.03928959865800409,-0.7260405182597552,0.0022892177766743356,0.15269015671970584
1983-12-31,0.23995641047942895,0.012476935764448164,0.2022168093625981,-2.784272764158687,0.011140930356269143,0.1671029462102545,0.08214732323501756,-0.021675669425167812,-0.03520029268450964,6.097472389280316,0.003997597862488053,-0.053153994706281044,0.035794341083135936,0.020992869140668936,-0.09091482043472479,-1.7815723504624748,0.00627710312531083,0.16710923160728494,0.014969282933747705,-0.0011890951903917102,0.02095620353521501,0.377847982803239,-0.0011795997905554034,-0.011165140133789338,-0.04467155544237888,0.011804350627292138,-0.02907931715869259,-0.693101978554878,0.0025422781869556097,0.1877826815827377
1984-03-31,0.23876457091450348,0.010093057996838515,0.1969127108442902,-2.5250130649487947,0.010685313195001914,0.09617596690660261,0.08048048929972433,-0.023773281377299896,-0.03844482558680086,6.319604669068743,0.003688229612433586,-0.10169747035289374,0.03651286732243531,0.02290939391116781,-0.08604183329331067,-1.992656221211489,0.006679781437290913,0.22927767054667614,0.014867779930426898,-0.0013171577693437955,0.02075761078120538,0.3914117014928132,-0.0011985244624489611,-0.014134865231357523,-0.044245151095268394,0.012738752893619105,-0.026897727741824563,-0.7951660688334885,0.0027270360045086074,0.2164648902488926
1984-06-30,0.24757791582399097,0.017410005846174543,0.1488651004364632,-3.253455869802522,0.009751756028604392,-0.006030392272810542,0.08408501066613941,-0.020516344897470142,-0.05934384387733735,5.980923935786289,0.0033212734444929928,-0.14354154803039526,0.03925683386583764,0.025124877374011687,-0.10067315521985404,-2.2101383326754798,0.006387186675692172,0.19759984616052462,0.007642214213081777,-0.007841390672876963,0.06263214103489485,1.0695980820373912,-0.00046256593124841834,0.06975303427805077,-0.041393644915196204,0.015082170506198693,-0.04231937560290003,-1.0272716952744003,0.0024241711398049707,0.18344471445374805
1984-09-30,0.24675219397120643,0.016749024029703456,0.15381672887649672,-3.1861396559273087,0.009921146593402732,0.004941192178882814,0.08670906362613738,-0.018143671066365313,-0.07829941961480204,5.730202550088991,0.0026754273751436303,-0.18391460428617568,0.03962001124240093,0.025405585449370344,-0.1027410443611497,-2.2383956084834993,0.006316259448845853,0.1929563319823077,0.005660949748327997,-0.009630808616733683,0.0769186809009793,1.258625120962458,2.4200949141937394e-05,0.10019120262291681,-0.03978868935343489,0.016350331561339644,-0.051759911001236114,-1.155876285260251,0.0021009296000916943,0.16242491522203786
1984-12-31,0.24742415714830693,0.017235466903318508,0.15169803342164695,-3.2602026614367734,0.009895310732429583,-0.00012506770920731115,0.09091528930836341,-0.01500485802721991,-0.09349089959154268,5.242308120265014,0.002526790586071969,-0.2170128921631776,0.038847209565528604,0.02485188332200237,-0.10040522340507817,-2.154706058925229,0.00634661350716685,0.19870900139458936,0.0035338943620460105,-0.011217684058878005,0.08459170193672919,1.5052478109496525,9.943061112372144e-05,0.11692219199704947,-0.038306832295801826,0.01741907027060274,-0.05636033210279662,-1.318167740261463,0.0020434934182647553,0.15130490174342795
1985-03-31,0.24803962883001596,0.01901081055642557,0.12160791431436302,-3.2788607390435853,0.009977535715262586,0.02988866740110352,0.09036420538997064,-0.01594446087294827,-0.0801052488323665,5.27680299972909,0.002459613687492795,-0.23185748411662319,0.03853995090713385,0.023632463684968852,-0.07829501777648067,-2.1551132386092466,0.006300356293829642,0.17731495453689075,0.004069760973168364,-0.01030119955759543,0.07151871767016793,1.4717737417768337,0.00016475447597811708,0.13140566021220274,-0.03847417960500218,0.01688512372503899,-0.04709160090088359,-1.3145781515963062,0.002020377336055223,0.14216344661292146
1985-06-30,0.24476784699528845,0.01597553107972514,0.14049484405149584,-2.9584872820534645,0.01027909934366333,0.04539645879036315,0.09572320640561177,-0.010776680440969825,-0.11289431380873649,4.722820742895739,0.0019918100082253263,-0.25544753573436746,0.039643097824247575,0.024641566905929,-0.08453431387890821,-2.2611492149660855,0.0061975290069881455,0.1719889939432545,0.00016912340052146297,-0.01406154915561688,0.09537369154525199,1.874822013103469,0.0005054623865007475,0.14858909696368897,-0.034389177744517524,0.02065571542991147,-0.07049994792062374,-1.7119049499220214,0.0016421958017613998,0.12266529843639018
1985-09-30,0.24983615004586712,0.02010122475743982,0.12895615345811925,-3.466598197810968,0.009836409994838499,-0.0019065420728960236,0.09754513708192054,-0.009226265962639637,-0.11693587756477376,4.5267918824525015,0.0018220253693496502,-0.2749632217060023,0.040865799591514214,0.025623272379739923,-0.08731496042609267,-2.381208292940538,0.006092565271835215,0.16098723634085646,-0.00011607756749233076,-0.014304151826660732,0.09600665528874423,1.9054878141319036,0.0005320227004909544,0.15163983704636427,-0.0347194016919747,0.02038825964631835,-0.06974814150989414,-1.6790521780079957,0.0016708533267463298,0.12570535602121277
1985-12-31,0.24291547483573644,0.013802178045887894,0.1719439613059097,-2.7702516047353005,0.01058027408849975,0.03166502979171725,0.10100727680396202,-0.005956851450170715,-0.14021404487864605,4.1581864132621735,0.0014498418076355677,-0.2911995179306688,0.04557731293342365,0.02985633341312951,-0.11586326590640897,-2.846283969058392,0.0055870856290836666,0.1379472035591515,-0.000936434806491469,-0.015078618106404342,0.10151858579879783,1.992788879792974,0.0006202156896484155,0.1554884065993507,-0.03023163378148878,0.024453857412994367,-0.09737182647395927,-2.1274802843227083,0.001188772271090943,0.10386842930850226
1986-03-31,0.2355872835240788,0.008502753608873106,0.1780729721928037,-1.9668040242463483,0.010696653529849259,0.1090908877686032,0.10291528679985712,-0.004559479666771149,-0.14158131185668127,3.9394773510022842,0.0014249211274683067,-0.31439543666584796,0.04818722145170768,0.031737225349435835,-0.11812357503167666,-3.128710215049265,0.00554333620026816,0.11146783841133463,-0.0008230021762612569,-0.014995554095931252,0.10143716150172596,1.979791841584615,0.000618731414360806,0.15411119462617617,-0.027287236245239366,0.026580403526065544,-0.09986763216782223,-2.448742581409632,0.001141056693686069,0.07322355461118407
1986-06-30,0.24416422241248922,0.019890744575976612,-0.011029827919672,-2.738332064844697,0.009435879770066578,0.20203749484231825,0.09708128221801955,-0.01186794996527584,-0.024009769103969944,4.49102275462504,0.002079306146746569,-0.37850860276632964,0.04230759818729946,0.023794372995042806,0.0158383585705749,-2.612936740335831,0.006481484574036398,0.04782256570021339,0.005748023656091687,-0.006759446133729722,-0.031077172262050996,1.358736103434754,-0.00012013235029331742,0.22630881891652682,-0.030837518380207957,0.021836328885270484,-0.020663474735606053,-2.1321100966186104,0.0016789037537192383,0.03477151938161091
1986-09-30,0.2525236497333957,0.026259976956421682,-0.01058284956192738,-3.5938039806760225,0.00964573686831894,0.08845279407629228,0.10195344372925166,-0.007943230340947714,-0.02883486179115455,3.9749025608372954,0.002180631836693607,-0.4428545276159124,0.03618965846477849,0.01921654349188708,0.013520597897330911,-1.9928452749062473,0.0063174760628944985,0.13138661741033264,0.009034834939842272,-0.0041130180889438475,-0.034302255907495326,1.0106667454639167,-5.1676787240183284e-05,0.18288645534659612,-0.03546544463827993,0.018333466865149906,-0.021463802876036695,-1.6602151108844239,0.0015599253152184858,0.0977879909356738
1986-12-31,0.2536588214246907,0.027183279738619035,-0.015749298623050512,-3.7176261861146105,0.009598488577164306,0.08027699528133672,0.10663088490112255,-0.00406356802900237,-0.05344131628643276,3.4477956822881892,0.0019554179545547856,-0.47522314767825347,0.03679535909337161,0.019705457046270303,0.01089365764667362,-2.058235811182955,0.006293341473478419,0.12697757307671004,0.008334945456283572,-0.004693455940813002,-0.03062492161635746,1.0895157999427167,-1.8024199470877508e-05,0.18773163038341817,-0.03706986506698242,0.017032039218419722,-0.014288036788734932,-1.4858678273088064,0.0016256462990453622,0.10938996767013795
1987-03-31,0.24597328221243261,0.021450818394881558,0.034795845955984506,-2.7417420591143173,0.009728845172279421,0.08951157586565105,0.10788037098048141,-0.003164091754716536,-0.0622740601499729,3.289463596807266,0.001930778510586932,-0.476474873447608,0.04096694339649647,0.02284258769830928,-0.015911667561588745,-2.587775364664039,0.006225925028247423,0.1216416171871847,0.007797758246761713,-0.005080308892475406,-0.026829928450757875,1.1575891759355657,-7.445169911930515e-06,0.1882704511330096,-0.037391076065241516,0.016791696268697667,-0.012193285636713359,-1.4450834893818745,0.0016309996259766884,0.10978488818377509
1987-06-30,0.24546657825039447,0.02128486623845184,0.05157403648843485,-2.5993407141000633,0.009785917677720544,0.05461377792953543,0.10952640315574445,-0.0028965390252327474,-0.11463471895895282,2.9056195794003887,0.0016850585102473363,-0.3719259432443087,0.0410274635906893,0.02286551833123544,-0.017967171492649477,-2.60590542130485,0.006219738066021508,0.12597200242163836,0.007275499864668208,-0.005165981379253878,-0.010216165102653588,1.2795611389080304,7.032939711618687e-05,0.15508527567466188,-0.037869745164615824,0.01662594604358821,0.00379447280403768,-1.307417265412316,0.0016830762775116941,0.07637583701215785
1987-09-30,0.2452410602701701,0.021118216283349433,0.060857791696942984,-2.5741710759129317,0.00990715622108799,0.05424631608402889,0.10996021189492855,-0.0025310742123475093,-0.13576951233116277,2.8558566259966778,0.0014047759221291428,-0.3744908744756467,0.04119486789620037,0.022985530444348392,-0.024581542741195967,-2.6245617526454197,0.006133893802559461,0.12653716985512717,0.007213352070214329,-0.005218262505369516,-0.007193713283937319,1.2866869726286791,0.00011040851721873989,0.1554474820416548,-0.03802446294524111,0.016512928611612177,0.010065058377934234,-1.290163475066304,0.0017647831777398626,0.07602088489753452
1987-12-31,0.23721184497188108,0.013480637736630493,0.017137988961563797,-1.6914239940420284,0.0075931235127162655,0.10457370437665962,0.10709201640396099,-0.0051289278269063925,-0.1502794516412287,3.158668273579655,0.0005717147925804535,-0.3600005781299015,0.04132725338791315,0.023113478592820126,-0.023844699614673538,-2.6392877997435242,0.006171942810324158,0.1256511559028378,0.008193808637748635,-0.004329859056750968,-0.0022304776181081166,1.1831358462215453,0.0003951591972417139,0.15048475331062547,-0.03810101742264854,0.01643968317292426,0.009644804392033204,-1.2817102939472564,0.0017427414140641269,0.07651248083385619
1988-03-31,0.23637698311926034,0.012689523372960707,0.02104677145771194,-1.5835799113803446,0.007384236143919957,0.09836587225862507,0.10864691985969639,-0.0037724929552117713,-0.1582991259218047,2.97178431869849,0.0009679989339926445,-0.34574752881297105,0.04177264650701643,0.023546124283443326,-0.02587420234629228,-2.698044211313897,0.0062829159676083424,0.12874532978131253,0.008001155785504538,-0.0044980470716813326,-0.001237773676832695,1.206306215426367,0.00034607000619777805,0.14872205099585298,-0.03723035257418253,0.01727230635868365,0.005609236087234305,-1.3950586071172837,0.001960240435526789,0.0828289434961333
1988-06-30,0.23711201079338387,0.013411478225998903,0.01880186299265213,-1.6806209451812533,0.007538489379653461,0.1068689927893764,0.10832742695817024,-0.004065969601443983,-0.15741607910354088,3.010756613160029,0.000902443816692306,-0.34980181591178555,0.041880256800764064,0.0236541478260202,-0.026210765125826263,-2.7125968311984043,0.0063056611229071035,0.12995475226809097,0.007868842135608484,-0.00461965439815006,-0.0008716783793551161,1.2224574524228262,0.00031891614606703985,0.14704442172301246,-0.037954556676194164,0.016555300465204745,0.00784118741382907,-1.2985963665052425,0.0018078586825897396,0.07453897299597945
1988-09-30,0.23597963411721862,0.0123232157643545,0.016420835346555907,-1.5561875438233133,0.007390154755930851,0.11128588829441677,0.10601352009181178,-0.006264864924293262,-0.16401784447595685,3.258413422218808,0.000588141833966622,-0.3399185410686653,0.04293941432606618,0.024677024734882903,-0.024204152706678757,-2.8300462126678574,0.006442996269928959,0.1259148945825959,0.008062387133015787,-0.004435717504796748,-0.0003208756892748713,1.201738031338586,0.0003451966605569346,0.14621849592004288,-0.03736159082494325,0.01712614837993337,0.009041981118075993,-1.3639701655288559,0.0018852392480195163,0.07224578770896908
1988-12-31,0.2352326047120853,0.011525037930079677,0.02224318493803047,-1.4700105174871452,0.007345396662631049,0.10481365526576282,0.10352998190480292,-0.008881322401435743,-0.14250530373219167,3.537123232150056,0.00044027052995570013,-0.3662444991859787,0.042851073011745296,0.024582238499971945,-0.023534998823692206,-2.8197765638842585,0.006437702505055716,0.12519586362302604,0.008329373993963496,-0.004154405813902667,-0.002631129523153496,1.1717680777031465,0.0003610947513998177,0.14904350089557092,-0.03682893003377947,0.01769616212020512,0.004934516620101958,-1.4255938894746607,0.001917158242780094,0.07675633352550225
1989-03-31,0.23632123057444926,0.01279279554143802,0.03769825526166553,-1.5830716304536994,0.007340531627985069,0.10797922649465422,0.10336222101752623,-0.009082480189056684,-0.1454031104878121,3.5545114244231946,0.0004424740269109436,-0.3667858355629545,0.0432648167473564,0.025059968669008083,-0.01801889729812309,-2.86281658564008,0.00643694960361532,0.1263436183560645,0.007821622814100766,-0.00476307811193129,-0.01138699697693042,1.2243956879025146,0.0003677255864078223,0.1474060178772286,-0.03625722133026161,0.018359834564718788,0.012866762074879844,-1.4850017243514948,0.001915162006679809,0.07839158876887554
1989-06-30,0.23705534922418628,0.01384955153656327,0.07889732469511948,-1.6539177316449916,0.007221001282341122,0.11416989158518653,0.10315975086148468,-0.009388303719311937,-0.15740828406629764,3.574842235593633,0.0004798271371620764,-0.36869865846245176,0.043246080045227765,0.025033497675070945,-0.01904303413499084,-2.8610266866382856,0.006439837181567103,0.12619210253002297,0.00795550965227496,-0.004560910063932419,-0.0034503949738461585,1.2109565487096994,0.0003430432725456719,0.14866982265415374,-0.03622948003475811,0.01839950015196877,0.014409316295052446,-1.4876684725597067,0.0019107315056783086,0.07862203759985216
1989-09-30,0.23844294314318004,0.015894356339659434,0.10575391332645051,-1.7857990305553444,0.006886115312062316,0.14013823916218757,0.10242895916912684,-0.010488745325801572,-0.17046922997610353,3.647934003132544,0.0006520523174828177,-0.3832139182376777,0.04250522319484725,0.023953492902914528,-0.03362641468368999,-2.7919324142732806,0.006618574950112764,0.11264372413256317,0.008559368049225802,-0.0036516922769972027,0.007351474969726019,1.1505827553292847,0.0002006766343199549,0.16065883538931003,-0.036502628624105964,0.01799849019771185,0.009087517070755209,-1.4618834462778523,0.0019766719387210073,0.07355202544190964
1989-12-31,0.23830930101292372,0.015737332940889425,0.10541801271327764,-1.7730043061430267,0.006897814263616256,0.13991741132870705,0.0984473165758493,-0.015270931995552671,-0.18005158381270658,4.044977722777341,0.0009609480929645112,-0.3912369782076317,0.04102397277339434,0.02222826073592684,-0.037400977792444355,-2.6521796568002975,0.006752090393561782,0.11037959154186723,0.00829207806148408,-0.003972675356375047,0.006707982595176865,1.1772281894581549,0.00022143939396703234,0.16012102321458033,-0.03591066945468759,0.018691853714161613,0.010582954271743975,-1.5182590636112745,0.0019242722450198441,0.07450358586196977
1990-03-31,0.2367589873249945,0.013760584432957502,0.07984027555849874,-1.6071309172453672,0.007134480282798591,0.1146710902161257,0.09872632394883207,-0.014910857995656265,-0.17506364666008334,4.014447585847137,0.0009182333124460157,-0.38626406786912315,0.04040734749203437,0.021446802615567882,-0.04732261836863177,-2.5868348241326067,0.006846042577582772,0.10063380704960041,0.00825881008897692,-0.00401560718268616,0.006113654776077911,1.1808679970431268,0.00022653259196156843,0.15952851699543855,-0.03613109121448707,0.018411395025822844,0.006979593563167468,-1.494754942824746,0.0019578991474110173,0.07095287920653276
1990-06-30,0.23882743304981374,0.015923445103359468,0.08059226369877479,-1.7994839640511568,0.007079658457073789,0.09393767541311066,0.09389649504461063,-0.020118834871904776,-0.17719976382152303,4.484308450065241,0.0009948095316166927,-0.33546792730351854,0.03384080881429647,0.014651702406487655,-0.04952057118294652,-1.9852336900424272,0.007039866261339358,0.1654708195202588,0.010722785775657315,-0.0013593797740619354,0.007201988195362989,0.9412543950610174,0.0001872200521680387,0.13362523959422082,-0.03862965902796984,0.015808639265990174,0.006097178668825366,-1.2636623133108884,0.0020269236091056205,0.09585964724145908
1990-09-30,0.2281442530254952,0.004173900742594033,0.17537355854690997,-0.630196455582581,0.007543845149076702,-0.009161431648121806,0.08615134810167996,-0.028649124235805925,-0.10233018746139567,5.338384481138555,0.0013100952513338856,-0.42662233984263503,0.0323729216861539,0.013040515054344733,-0.03683460570791516,-1.825290751115768,0.00710513452328383,0.15219156538769554,0.009816034775320674,-0.0023580699206321087,0.01596047324931632,1.0412420813849912,0.0002241501114114355,0.12297160924983179,-0.03426886788530174,0.02060161673393439,-0.03222076187931373,-1.7402277053345605,0.001835859318817772,0.13696568464705305
1990-12-31,0.22913523989314824,0.0053994788901555344,0.09232241555282739,-0.6347570529145018,0.007393329725248021,-0.06812544797770886,0.08574922845690527,-0.029266441184287926,-0.05653997923948459,5.342178765336444,0.0013633165414247495,-0.396074016924751,0.032974919980737864,0.013741754432399328,-0.0832010590489932,-1.8271998494888813,0.00701136653712113,0.11866651543219596,0.00956947119137717,-0.002735797138455001,0.04395430288308023,1.0435576726697258,0.0002568417761375585,0.1416580803270297,-0.03359131590805818,0.02142106079811619,-0.08724202373208231,-1.7429875073783136,0.0017319257090587115,0.09763767310940119
1991-03-31,0.2403503256925475,0.016231369051273283,0.10699758277694303,-1.8785201390263557,0.007635840642709995,-0.07938357565912368,0.09184264939674132,-0.023367981199547003,-0.04972647608497895,4.669810322616054,0.001506810992176783,-0.4028860075880881,0.0282767098359609,0.009206187876932186,-0.08963971955971534,-1.3051904406958368,0.006912026698006909,0.12319018384416419,0.011364593828375,-0.0009981552436496449,0.045964451464768755,0.8454702693276027,0.0002990805174277747,0.13965283440360635,-0.0402604173668033,0.01498100460054627,-0.09611928043970414,-1.0028846470915704,0.0015889340805898245,0.10423394855677112
1991-06-30,0.24124651873704864,0.017079253478578936,0.10540762700435721,-1.976057730093373,0.007668326248771194,-0.0836658429448348,0.08489364095840661,-0.029937625955364585,-0.03799903111390016,5.428924141188472,0.0012168373500076627,-0.36960466661440655,0.02596713948713253,0.007021288202448947,-0.08549186770744285,-1.0542177678560383,0.00683220514866524,0.13422065276564732,0.01995737047708605,0.007125606274200535,0.03145546394795908,-0.09318651069750421,0.0006572318106989929,0.09850004993744958,-0.04644432708787281,0.009130489242335907,-0.08509704282524648,-0.3302248599561063,0.0013686143874050826,0.13377694842398255
1991-09-30,0.2436653336393476,0.01924496001992237,0.10784302394996284,-2.2719688589221523,0.007843637437701024,-0.07586059301554125,0.08687752005651718,-0.02821355192642279,-0.0353067026768541,5.192072210118418,0.00136045736419352,-0.3617397882196026,0.02042031821267514,0.0020096686909506513,-0.09051979223631551,-0.3707662164321322,0.006430969079306977,0.11750880829769228,0.020037451374236098,0.007195218131065421,0.03156387797324847,-0.10274933613569556,0.0006630294915621765,0.09881696874039922,-0.05023864973425634,0.005721820112413278,-0.0887760243388156,0.13519566123146484,0.0010937712342444666,0.121833625545507
1991-12-31,0.24752235312224025,0.02266932653702647,0.12130440203660514,-2.741676835537994,0.00812216164675605,-0.06847623487177529,0.08485298985078504,-0.029975832398337326,-0.04295369522120334,5.431557840097865,0.0012209603241511368,-0.3657324439154332,0.01320851318060542,-0.004438617278057792,-0.11505632030984851,0.5157955725560673,0.005903086302450153,0.10389660196872384,0.021640918410499473,0.008591184984948878,0.03761627856689866,-0.2924727468203808,0.0007735614996645843,0.10197871450062033,-0.054177220251485504,0.002216106508175144,-0.1023950524242001,0.6164883922095836,0.000807922742497424,0.11433017817878216
1992-03-31,0.24473293303850507,0.02018367963055681,0.12336533022788446,-2.398849388936824,0.007897441280833008,-0.07844600922413142,0.09264238198562808,-0.023216469955942943,-0.049303286530990614,4.5048176376554645,0.0018350089038543004,-0.3363600378103736,0.022206256055388143,0.0036502797481506783,-0.12152577920772921,-0.6016089392299879,0.00663311261798929,0.13550855415479154,0.020124966289150094,0.007275409973931754,0.0388508614539692,-0.11206315119631807,0.0006540355587769251,0.09626506632683382,-0.05017330054501961,0.00579547384083878,-0.10532336960496004,0.12251956199508479,0.001131322164643674,0.12855179468998398
1992-06-30,0.23912073240240633,0.015236707513860307,0.11620104372133501,-1.761667136431729,0.00741924816934369,-0.034171888227379085,0.07846461238732311,-0.03559946590520648,-0.07058208187482654,6.09450475549257,0.0005867175931180836,-0.2180718866091425,0.03204379250236208,0.012351423835042655,-0.10962237892342609,-1.723293524607964,0.007462958421437036,0.0592042917068191,0.021116340516962873,0.00814134191853147,0.040336726592653874,-0.223232446561042,0.000741296453182328,0.08799801486088646,-0.04514426324484637,0.010233853509214267,-0.09902703761041719,-0.449337254363264,0.0015582459911576089,0.08912471315789741
1992-09-30,0.23725654500777466,0.013705604676110948,0.10008257936826193,-1.5249427705419614,0.0071552271068251235,-0.034050970923494274,0.07798581707520982,-0.03597596174922205,-0.07512773513324282,6.1529253275677345,0.0005197918752039713,-0.21846356547747514,0.03127324272828656,0.011709782019692121,-0.11610527579394396,-1.624194883228311,0.007353373473936349,0.059425738400595014,0.023777926561234897,0.010235037172086086,0.06558347268474889,-0.5480990422485811,0.0011133725259480165,0.09015116123718862,-0.04651946149906356,0.009098659717562867,-0.11079815116180607,-0.27389393317973826,0.0013631825972737642,0.08932962262120006
1992-12-31,0.23932176563027385,0.015454369188764965,0.10393597351864396,-1.798642125479967,0.007447185835155253,-0.015294147506181651,0.08255806208327335,-0.03228399191751955,-0.06782288834380189,5.582255605404588,0.0011275982378165645,-0.17500172889801766,0.028797881864759553,0.00957950011851937,-0.12092225767255316,-1.2897077668238421,0.006996573663293242,0.037276725386442236,0.023320753102541968,0.009865741075888217,0.06485196665581137,-0.4910095752751164,0.0010525666380273553,0.08580717680430647,-0.04877319740298239,0.0071790158613215796,-0.11507001942659727,0.026915045671676033,0.001042296499437692,0.06897119872711237
1993-03-31,0.24098792018802906,0.01692872650870775,0.10221105497257763,-1.990897699902797,0.007619288373466928,-0.026789399886297804,0.07893712114435789,-0.035441024114945284,-0.06410131218542862,5.991500330262743,0.0007485111427102168,-0.14884542619388272,0.03610228372008108,0.016077141162151597,-0.12848809629407829,-2.138384083543224,0.007748216334592006,-0.012460264883873662,0.021614354670259545,0.008377796487222193,0.06660596354627074,-0.2981166399773837,0.0008739414653885497,0.09812820899722016,-0.04431034175315451,0.011135643648416545,-0.1196915860876513,-0.4893411964407687,0.0015026291985984997,0.038330578529421885
1993-06-30,0.23986224273979873,0.01594294494676997,0.0967977264021033,-1.8486599467485503,0.007452572063794004,-0.03122903037233974,0.0792220711154613,-0.035201520589344386,-0.062486184933449825,5.957170051084194,0.0007902241764509844,-0.14734526183728727,0.036611678546193516,0.016529120067490594,-0.12615374294287252,-2.2037107633812534,0.00782397370667918,-0.010627232071266106,0.018984797025863174,0.0061668535328961,0.05172407596619216,0.018820132866800263,0.0004889751620107199,0.08431955107109247,-0.043657656633336706,0.011709965334588832,-0.11660828433970545,-0.5722626258535837,0.0015994395915251633,0.04082004149829067
1993-09-30,0.24028614531901688,0.016328322620988052,0.09637205208747958,-1.9004799852411258,0.007505584613620124,-0.03006516014915562,0.08058812346112809,-0.03399675835726137,-0.0639688613924449,5.7972244836678755,0.0009573006027162596,-0.14325906737577052,0.03650228699205367,0.01642863946313328,-0.12604585530155707,-2.190152365002136,0.007810194566541132,-0.01091800920573849,0.01690377221374482,0.00433109081133739,0.05398088571144019,0.2625684582456544,0.00023440635843328015,0.07809869776545535,-0.04357373881247633,0.011786542886996473,-0.11669197217292511,-0.5825730884731136,0.00160996190088668,0.04104780327522402
1993-12-31,0.24016972137595272,0.016217980341321474,0.09661329926342777,-1.8876462752042504,0.007495524030859382,-0.029096440658369693,0.08042808584560913,-0.03414756112070356,-0.06365229622861211,5.8146509501536965,0.000942980262409446,-0.14189867304742507,0.03305343427248139,0.01315325323747032,-0.11880269026544091,-1.80854069163103,0.007515518597055836,0.017595432347191974,0.01896090188854653,0.006269597629131551,0.04990999590908701,0.03854378056815371,0.0004184258655721518,0.0606155679163942,-0.044974324872003056,0.010458134926400391,-0.11377525400343784,-0.42796881596360753,0.0014894306594009274,0.052674086178456855
1994-03-31,0.2384028291414437,0.014551163733492762,0.12403986279268535,-1.6447067684421668,0.007253175524154011,-0.0765148590330861,0.08077556011187711,-0.033842021022136966,-0.06921087697638773,5.770281600906964,0.0009884653160915301,-0.13205538902140995,0.03146201890013223,0.011618362125178845,-0.0942845656667766,-1.5846931659305035,0.007294032372179124,-0.02445418584214708,0.019350520760396228,0.006612403227316397,0.043679252412013106,-0.011239393344812063,0.00046944788068685364,0.07164695835155285,-0.04587550701824547,0.009601059894790527,-0.09982602272042806,-0.3030184754826664,0.0013651577324627923,0.02862734210004899
1994-06-30,0.23741039382016843,0.013645010613624416,0.1247202148954773,-1.50567032748308,0.007010716719165601,-0.1010428219179583,0.07983342994558962,-0.03463406768076999,-0.07030658769673521,5.88870578371117,0.0007648028685671974,-0.15415407230242792,0.031730329451063556,0.011870358279010248,-0.09460837852347485,-1.6236024940073466,0.007360361260165579,-0.017719950313481364,0.019718460158766507,0.006921932963535673,0.044100677367033644,-0.05753182594624907,0.0005568123108700691,0.08028142494757538,-0.04551910316589443,0.00992982726975722,-0.10013942013281299,-0.35358407633331485,0.0014525963313173356,0.037486315363446036
1994-09-30,0.23748673853948063,0.013727057916454675,0.11286441607264867,-1.5090904266128966,0.006958444969500888,-0.10608868230466406,0.07966763789354675,-0.03482863683963633,-0.04485662109613746,5.903242140902228,0.0008583414579961025,-0.14439679670177968,0.031879335528247295,0.01202299741835741,-0.1176511953633898,-1.627839618999626,0.007252916230368024,-0.027879104286847048,0.0197809815336251,0.006995276601500311,0.03450090169753566,-0.06299419273075194,0.000521472186998324,0.0765978476650038,-0.04557648461417979,0.009869155398725906,-0.0912380622331078,-0.3513489690729419,0.0014926574871865679,0.0413236146885476
1994-12-31,0.23690238023104473,0.013175013978864732,0.11432315666258604,-1.4314395341461512,0.006818052811172937,-0.11808297096346508,0.07904947992752218,-0.03537713696517539,-0.042467914670275816,5.977511964088435,0.0007239359983647329,-0.1559844326431258,0.03079753878296882,0.010976879600398622,-0.1154179930108822,-1.4789108983081731,0.0069835943662338,-0.05081898142818986,0.019836385656690922,0.007044460545119363,0.034287474059096414,-0.06965618711877046,0.0005335280212125875,0.07763714563387555,-0.04609593727587796,0.009374314311336935,-0.09002334373828225,-0.28143745735735165,0.0013662496638533529,0.0305358181061846
1995-03-31,0.23769756020921476,0.014036312653336132,0.11559416006631083,-1.5259483316364622,0.006977578962741501,-0.10419815547056126,0.0782747841303851,-0.03618924483604964,-0.044078902806391776,6.062040202838908,0.0005756389572681691,-0.16924696277207335,0.030612180488411408,0.01077351139301627,-0.11569747698277658,-1.4562501218160884,0.0069457152224662025,-0.054090967152479075,0.01981621807215279,0.007023314200888687,0.03424564990980643,-0.06745407945123753,0.0005296661618187085,0.0772918619315573,-0.046447557694133,0.008991711950223462,-0.09057265933419613,-0.2392160166664768,0.001295244038014866,0.02437304535252092
1995-06-30,0.2381264122757751,0.014691394936807677,0.1351936595435001,-1.5540521425886529,0.007015742910549092,-0.10789886916610136,0.0782166253381907,-0.036284189213642515,-0.0470799197330876,6.065698462300364,0.0005704833303676174,-0.16870502647011443,0.030674299673449923,0.010866529975227938,-0.11296399617914192,-1.4603845114366893,0.006951288353821431,-0.05460953002362139,0.019800714998891366,0.006998020029150711,0.03344651664527141,-0.06647861372064175,0.000528292010656814,0.07743625820721017,-0.046600684797905,0.008759527879218394,-0.09747407700367113,-0.22912571953868788,0.0012815816298767672,0.02567906166843426
1995-09-30,0.238453543021655,0.015516718790000269,0.144370515499479,-1.5588694601173692,0.006915779694489987,-0.09246082662341032,0.07826290161321439,-0.036154895068999514,-0.04573319993564988,6.064903433912359,0.0005553045577368606,-0.16606738317704853,0.0306982442554705,0.010924725510646306,-0.11230569461340392,-1.4607274081206358,0.006944206161293558,-0.05355113283366907,0.0197708401634931,0.006914611240321154,0.03257717462862106,-0.06596624920745105,0.0005380878794349303,0.07573594406666284,-0.046640156101126824,0.00866127984896545,-0.09857359858803372,-0.22855108746573363,0.0012935051077209154,0.023860040569747918
1995-12-31,0.23879738910498308,0.016053810204035387,0.147560387917776,-1.579091653617027,0.006895567272382011,-0.09677577158043894,0.07763466147386833,-0.03717616713634428,-0.05184891083074426,6.10606855515125,0.0005786212936938881,-0.1581671474189891,0.03063307662843542,0.010824581840510819,-0.11289960130105237,-1.4570425924124728,0.006948426949299995,-0.05273631441753139,0.01971112906264921,0.006817569295981789,0.03199611562422513,-0.062056917466785676,0.0005403163228868674,0.07648686439172583,-0.04633544984433997,0.009134482823904307,-0.09576479687749166,-0.2462199017036683,0.0012749113386727592,0.020040815542438258
1996-03-31,0.23875184463799148,0.016241444028163833,0.15564736173649185,-1.5538721934211839,0.006841105367437653,-0.0991933977093311,0.07765538899909509,-0.03722740731185231,-0.054190503648676856,6.099155035761444,0.000592510632441651,-0.1576652855989661,0.03063618207307268,0.010807883571443695,-0.11360626641098492,-1.4592842855251802,0.006953369614611032,-0.05250638270063245,0.0196833115789916,0.006886548338257531,0.03514675226310893,-0.052750090416625234,0.0005216062190445764,0.0758092593291539,-0.04632861543287782,0.009103724034844,-0.09708162982341412,-0.2503521671271431,0.0012839041613262932,0.02044723862649043
1996-06-30,0.2385198066876425,0.01608063201790241,0.16079756577124732,-1.5256581871498531,0.006827561485902538,-0.09343315445575208,0.07670268554865475,-0.037889833765410566,-0.03256849788204348,6.214991191929578,0.000537433087030767,-0.1328178217360813,0.031021718022726366,0.011074956192849436,-0.12211997975353925,-1.5061939473250663,0.006975900265176041,-0.06194106939807205,0.019321534779883576,0.0066350115267828896,0.043355415113696935,-0.008763529924711577,0.0005006884035329053,0.08524037662091227,-0.04609544172263222,0.009265292157815687,-0.10224694571265575,-0.2787103311806572,0.0012975213769061639,0.014689386265505432
1996-09-30,0.23853361117057825,0.01606629059004527,0.1602694285263874,-1.5308334327142257,0.006818811707759445,-0.09002277648834825,0.07686187755584711,-0.03807386778531376,-0.037889408842111366,6.161139550267009,0.0004166056847781187,-0.09332901802698607,0.031057525188669,0.011038408171239047,-0.1235658323715824,-1.5202842118275612,0.006954312406884476,-0.052956064102623615,0.019190690094879614,0.006786073043877366,0.04773280135838477,0.035521724434117656,0.0005998227815243224,0.05279739709411527,-0.04600096235247601,0.009167847954174168,-0.10593146672944843,-0.3147339737408676,0.0012387379350921714,0.03814332455945515
1996-12-31,0.2381332099269009,0.015739255313122213,0.16620012714075633,-1.480605518947042,0.006820983805793435,-0.09154617079833573,0.07938717000382543,-0.03602739198888485,-0.07575673384459995,5.849220112786575,0.0004024485062052602,-0.08603926820493997,0.02782520851785325,0.008390440543766614,-0.0757943793315176,-1.112570191665668,0.006971443866808537,-0.06616042512132424,0.018143291150783464,0.005937223828415328,0.06343636978095486,0.16490976936928542,0.0006056941301601961,0.04976530809755467,-0.04766522600776868,0.00780707068112044,-0.08130222844403927,-0.10554676315049408,0.0012476974004294553,0.03163964216908325
1997-03-31,0.23959335968018897,0.01692609513806756,0.15772370506537983,-1.657995632067284,0.00683836859416168,-0.09899148761852744,0.08303392176678012,-0.03308701440072286,-0.09640134096769665,5.407947697497521,0.0004432599223366977,-0.10612224953851138,0.023027349619773842,0.004480306148880882,-0.04771467272818705,-0.5287937208577631,0.006913587117499302,-0.042309594743057795,0.017460183736004845,0.005386398406819377,0.06730430110597456,0.24757076093470584,0.0005980437565341652,0.053524770853499805,-0.05050192016489096,0.00549911336327741,-0.06478559846611949,0.23926696304412023,0.0012137555756635168,0.04597123429337896
1997-06-30,0.23084029768224493,0.010367745824206489,0.10294317025364381,-0.533403011851105,0.006954112163477965,-0.11443641526499843,0.0857271904882831,-0.031085201772076083,-0.07847319310832848,5.064823625554593,0.00039180750107100916,-0.10156259268815786,0.025159402044383418,0.00608278486047293,-0.034624102999869115,-0.8036907423615536,0.006889352984573027,-0.038484478947903245,0.01539304093920559,0.0038498790563713864,0.05355167977845001,0.5109394585393459,0.0006374276965975457,0.05002414690111248,-0.04783838867189665,0.007497032014890148,-0.0482323580959603,-0.10337261074348988,0.0011803427774430136,0.05069886966859161
1997-09-30,0.22308487929119764,0.004092688232074668,0.07753242191022497,0.39337761447749137,0.006929348784679654,-0.041603152652493154,0.08189862828151359,-0.034192908848572554,-0.09069510877813897,5.523070928398593,0.00038236289601711047,-0.0637652290827124,0.02510137504649367,0.006035876066035946,-0.03481548340566003,-0.7967582645022165,0.006889152616419419,-0.037947964819124005,0.017759330939198854,0.0057705735228372745,0.06110750595617987,0.22771997094314855,0.00064327948931728,0.026673467217211484,-0.04329650114386668,0.011170743062720413,-0.033313433110888836,-0.6460750724713794,0.0011952662442804322,0.008287363030166492
1997-12-31,0.2233426105847228,0.0043044942562773135,0.0770487971427917,0.3618404002709312,0.006932452147509535,-0.042158747974376375,0.09014688487168576,-0.02746927862640123,-0.10853297435001158,4.5207980127602765,0.0004678291089735102,-0.07980625707440063,0.019258718478526313,0.0012217826120540125,-0.024356970364935546,-0.08014596733221423,0.00681597423359229,-0.024995827597539336,0.014958334066661482,0.0034871679580345994,0.06715773752802914,0.568096808734215,0.000614211706385292,0.03212619680472489,-0.047167665109450495,0.007986333176926968,-0.026172500323585805,-0.17197553181755246,0.0011479602456273218,0.016720379245504034
1998-03-31,0.21362945295508295,-0.003517924458634342,0.060956664104624074,1.5483105004476756,0.006684333298094472,0.017292192956519896,0.094427101919368,-0.024054011940166795,-0.1008610525453357,4.001555915422006,0.0005712806074210376,-0.10688791913882197,0.020013793906502486,0.0018317679150671058,-0.02313267732796976,-0.17260313815775963,0.006835563284898189,-0.029574950045080935,0.015297661709728265,0.0037579437238663663,0.06776549037451919,0.5269301589705708,0.0006224175615658412,0.029979912782555868,-0.04377773149346243,0.01071948477440692,-0.020601353084970242,-0.586423363074121,0.001235054186975078,-0.003957281675271462
1998-06-30,0.21245443355358332,-0.004440291783290598,0.052517333159636366,1.693478682924003,0.006657377351725415,0.024563704643323338,0.10201135800675928,-0.018145158552553255,-0.04453714507715615,3.0713327378701436,0.0007222485110574086,-0.15434005694709665,0.018971900467206086,0.0010116615963436035,-0.03054169899234353,-0.043529800665905484,0.0068106816752934885,-0.023148588458870453,0.015801908069307053,0.004150820864192301,0.07150906729511416,0.46508027802378327,0.0006324684883277197,0.02682535437109872,-0.04202430892391841,0.012097245953563398,-0.008053807405836272,-0.8032632696007542,0.0012758833575386638,-0.014795134252909356
1998-09-30,0.22499756868327164,0.005556165131950184,0.09239428898138319,0.1252039537209623,0.00696543512350862,0.010310420610248266,0.11414050900630122,-0.008583227534307914,-0.008323788632220792,1.5749762598380748,0.0009817152511713905,-0.16737533370278065,0.02101305307085884,0.0026446491193350477,-0.0239269504963397,-0.2999418269297993,0.006862890279261735,-0.025511948603615543,0.013380856110983696,0.0022420438751695687,0.0642766841090239,0.7637926701298474,0.0005806108378720068,0.029428418564023014,-0.04428157226812007,0.010295782627205857,-0.015280964531398284,-0.5205549745860196,0.0012196074255105462,-0.012212505458112144
1998-12-31,0.20931488496076456,-0.007243766186152967,0.14261526098479235,2.077949194844114,0.0064361503112040155,0.009897164328064067,0.12060981570033402,-0.0033819362408498634,-0.03077182061329451,0.7822798904877956,0.0011852198009958468,-0.16751129111191077,0.03147023335587362,0.011223490177523074,-0.056567957052685545,-1.6091876336717368,0.007223310854153856,-0.025112798791413222,0.015601083302154208,0.004027307938201113,0.05657808248551425,0.4917094834940822,0.0006504974381174493,0.029382835385257332,-0.04004771688174584,0.013757825262922426,-0.028713181064002564,-1.0487886771198294,0.0013636094005162209,-0.01208194333771263
1999-03-31,0.2053475910144656,-0.010299724728529608,0.09803096378618983,2.5790614265659326,0.0063223666795247995,0.021775926079664002,0.12774216500768976,0.00204989532994143,0.053728831314727304,-0.1064187446573233,0.001358979742600521,-0.19119951846699176,0.035971998383803806,0.014705943250371766,-0.006743266865671449,-2.180739503381021,0.007358755125341085,-0.03814450312393222,0.02016589602700253,0.007504047795283398,0.11063285112526627,-0.07712670485793187,0.0007618756398967396,0.014235544443678127,-0.03696915127583337,0.01613283057167862,0.0056887664383087405,-1.4383613717418533,0.001453479330235384,-0.021187248215989364
1999-06-30,0.20322081737561137,-0.01210267628379896,0.11118476229732761,2.8353663098067483,0.00626416266705883,0.031330540233264925,0.11879525461466367,-0.0054670313409020755,0.11257383681745842,0.962388282055562,0.0011236423429733771,-0.15002946461996025,0.034655152073848845,0.013586262139617682,0.0012500106634957986,-2.0215803657333504,0.007322336780856456,-0.032270559562293924,0.02486950284753915,0.011456159118472567,0.07971387234592255,-0.6390638148975218,0.0008856472668378741,-0.007403635010291783,-0.03720077884993138,0.01593625636302792,0.00711152540602555,-1.4104175004895174,0.0014471153307313873,-0.020149374703240346
1999-09-30,0.2113947518322267,-0.004959972821813237,0.05131906989168897,1.8854736995904178,0.006401644298754372,-0.058280402552805956,0.11705018524183348,-0.006989305343263498,0.12552501347508038,1.1653954794171817,0.00109466483607015,-0.1299179534221651,0.03771916686484395,0.016265098390348467,-0.021077846112977396,-2.3775183097628743,0.0073738207922125,-0.06535424655419371,0.026933513803955058,0.01325667838483257,0.06439721751817373,-0.8791714939118404,0.0009199288525458683,-0.031180099403314086,-0.038985073019432534,0.014376766925932672,0.020156280069821897,-1.2030914620350535,0.0014171076876528341,-0.0006971641090548679
1999-12-31,0.20369462689078824,-0.011443956306987628,0.12123210871393372,2.8409573998822344,0.006294104403853595,-0.09175129216686612,0.11820954588872554,-0.00602883230782338,0.1149896268444508,1.0233309547294531,0.0011076759387381506,-0.12448563474905386,0.049101383777040014,0.025901568252407598,-0.12444311653746902,-3.795785306742237,0.007541891740763558,-0.017138696338698304,0.038584105543645546,0.022909890175315816,-0.04147143366818019,-2.3069429627256195,0.0010509737973766868,0.023376240685142814,-0.03262271718829757,0.019744842720433073,-0.03761448153925416,-1.9937770392870635,0.0015078514225613368,0.026702490633888427
2000-03-31,0.20323238271250926,-0.011841463885583967,0.12369267752994319,2.8949486848039854,0.006285788548435745,-0.08541594580063384,0.11652049335292954,-0.007477965934356453,0.12372961882804846,1.2209875217428263,0.0010761726057672693,-0.09970224820720092,0.05037687111326352,0.026999251149517494,-0.13129596669504712,-3.9446709751304385,0.007564507345825841,-0.034254176753415626,0.045933883086343455,0.0292157879649814,-0.07951153472682304,-3.1670144344677857,0.0011880252570277948,-0.08440124005419622,-0.03318381505008056,0.01926219141159583,-0.034617544378451555,-1.9282542216547103,0.0014978090726761669,0.034333287447306904
2000-06-30,0.20885920235895156,-0.007238997373550353,0.08886416314367626,2.1901042103145487,0.006442636208199921,-0.07795865558018675,0.11739959529061876,-0.006771308457975897,0.11827756630373258,1.1124846295162336,0.0010983553651107323,-0.09841995584984412,0.04781930893481497,0.024894939698809446,-0.11545230696158076,-3.6226910184593977,0.00749121915360575,-0.0375350523480255,0.04411517207142863,0.027753632108607245,-0.06823282233982486,-2.9425142813904777,0.0011420889125499294,-0.08705197355837807,-0.035542377551130745,0.01732886676486576,-0.020015169258545313,-1.6322698973499101,0.0014313835657195353,0.031244059025523126
2000-09-30,0.21156619125559453,-0.005085568270280114,0.07637183076050608,1.8430371829366397,0.0065222339689055215,-0.06415587037007586,0.11933714118078949,-0.005259394364636984,0.1094215244494673,0.8690790154490019,0.001147838153094107,-0.08902876001902171,0.03968676699411742,0.01838123606086627,-0.07775085918828875,-2.5724823710703335,0.0072420138561051055,-0.07964201412999927,0.04115878413481248,0.025446348612418474,-0.054719351701720535,-2.5710576667999505,0.001066487096687917,-0.10138788693665007,-0.04096830282432428,0.013001873218804045,0.0050647089936123255,-0.9347942418220572,0.0012693841313177244,0.0034207683765092316
2000-12-31,0.21599677797244646,-0.0017717414714333527,0.04609233608474672,1.270413446014159,0.006868460332975621,-0.09987411174975892,0.11949679661938681,-0.00514342375666025,0.10829839143998832,0.8488941312715349,0.0011600395541964419,-0.0904560801258785,0.031451762571176475,0.01216107676409268,-0.021879606926835875,-1.5000092129382228,0.00659418042129905,-0.01544890611567788,0.03388809153256051,0.02016380815617758,-0.0035873576488907027,-1.6516814666831379,0.0005107222664934103,-0.03644575417259233,-0.0460413066088842,0.009193968753806535,0.03963937707518418,-0.27732739239332377,0.000871981642839408,0.04382073671480607
2001-03-31,0.22186764237379988,0.0024302319827303655,0.07392992723256764,0.49976443509061674,0.0073001650794722005,-0.1511735123797202,0.11481911826349062,-0.00841508893244458,0.08567736746543503,1.4495824879695645,0.0008421430186985817,-0.04967274610391246,0.025708751630973598,0.008016889142100888,-0.04893845069881003,-0.7402264213182932,0.006161709568106006,0.03476425512687648,0.030963655591802496,0.01811803423627137,-0.017727259583432096,-1.2760743155676226,0.00031183457316991554,-0.01094823488219525,-0.04917581487054947,0.0069438708084931374,0.02481078839587673,0.1352912466575689,0.0006394630997164732,0.0712168815545424
2001-06-30,0.2220399685159373,0.002675136930588537,0.0701293809323843,0.4710444155006649,0.007238946477388455,-0.08573051602896081,0.11521723912232057,-0.007959185150081455,0.08090984170259151,1.3960537742465475,0.0007494039579132611,0.04898262345401249,0.025659433527432114,0.007938155118413188,-0.04754627400222251,-0.7310025705937675,0.006182997971919789,0.011926650095077268,0.030905046228652536,0.018050832821671303,-0.017022122780197553,-1.2681840738260137,0.0003255261477652206,-0.025513069459373074,-0.04927287594812094,0.006800516903779906,0.027143002683865474,0.15209706404552226,0.0006763075152959025,0.03178242740556951
2001-09-30,0.22223440107582776,0.0025432044869329175,0.05056407189426898,0.43747011862192225,0.007055644895513946,-0.1554026401464666,0.11527303836376984,-0.008001006128654486,0.07366994278792517,1.3820744065531196,0.0006840372578075073,0.026616018943480285,0.025578266099903768,0.007989627167133853,-0.040163698480771455,-0.7187674676171751,0.006253129372555479,0.03947489127378165,0.03077877730702421,0.018145467357447587,-0.0006665586938843216,-1.2366365066181266,0.0004732367731386511,0.025075522639232132,-0.04938503309859415,0.0068748947706084714,0.03802947084879759,0.17053782765705738,0.0007788051876833885,0.07121439014764117
2001-12-31,0.22199077337779316,0.0025399601726614884,0.04961113283210256,0.4819695353035291,0.007173523359541409,-0.14421507820853002,0.11499108500998775,-0.00799869483929303,0.07246928222568533,1.438923819892723,0.0008356832383710615,0.04038914491300502,0.02575984067177133,0.007992935363469199,-0.039468332711619314,-0.7509436837847082,0.0061681045506998735,0.0312594974220213,0.030969678484804634,0.018143948736388686,0.00014566859531187987,-1.275093026137421,0.00037065993769990114,0.015756308365505168,-0.0491915139007049,0.0068778335900039796,0.038780344466796776,0.13558141066299934,0.0006862872780703684,0.06237787712331834
2002-03-31,0.22210082608324305,0.002635883090624523,0.04355450800282426,0.4660026235448348,0.007216145854767819,-0.1347194216621885,0.11555902977462772,-0.007559425155681464,0.04407776933270075,1.3680841090887779,0.0010257785616108672,0.08428854459996582,0.02592439105679466,0.008143049410212436,-0.048878814050331135,-0.7761612625967145,0.0062353260287942155,0.04608257486714187,0.031741661146659904,0.018741555230908796,-0.038471487387599444,-1.3714957926567755,0.0006293386600073287,0.07547363646791876,-0.048654151192834214,0.007353867845855987,0.008802275041841086,0.05607320704345392,0.000898417101120052,0.10945760499455495
2002-06-30,0.21526499749147548,-0.0030085909997844633,-0.022783531967808496,1.3300325827365373,0.00667434368180919,-0.22017432764220632,0.11762397088608807,-0.005893387901659231,0.06457696233909944,1.116149270992644,0.0011750525056410798,0.10874522108620781,0.0275873044523079,0.009528090374432054,-0.03283052366435376,-0.9890256203710301,0.006371233121176376,0.06728019357192651,0.035930201679891735,0.022121531655922053,0.0030992766543458286,-1.882662188347699,0.0009323592328142644,0.12510209524869315,-0.04525446321045728,0.010169768736311405,0.04172488560574207,-0.37559880978090715,0.001170891890895385,0.1522564895969221
2002-09-30,0.20841349466458664,-0.00886890322129418,-0.054958436409943245,2.1816297605616626,0.006139907934878953,-0.31800159858523797,0.11544873378012965,-0.0077147465199232665,0.05474292816908805,1.3771461445325148,0.0010157974627329834,0.0781741025428285,0.026946601561467307,0.008975785096626276,-0.035878007506352734,-0.90841001205578,0.006320155210804532,0.05806415822582309,0.03803120195631841,0.023881010412478382,0.012600595782352567,-2.1348225911295224,0.0010862581086338908,0.15463223079306482,-0.047593589643384,0.00816342573136928,0.03068905099147624,-0.08357205807864329,0.0009869900187158326,0.11877139098585529
2002-12-31,0.2090378294431607,-0.008259155297639261,-0.0464126128483152,2.113406564824766,0.0061852645153924034,-0.31991222529317787,0.11502600145515833,-0.008126128227669668,0.048830047864210795,1.4225346975386084,0.0009851197526878142,0.07957520543350366,0.02599025295045952,0.008040568397279573,-0.048887480636846864,-0.8033031848191479,0.006250581707799161,0.0609037198930185,0.036330313102894404,0.022225749144328604,-0.01118530058606513,-1.9521719744043973,0.0009628259942436932,0.1602662341747426,-0.04686954135121053,0.008870888408183038,0.04057702071090707,-0.1628572491401333,0.001039614144441891,0.11657929150620515
2003-03-31,0.20795732885784016,-0.00924240188844073,-0.04973806949978333,2.2415881532578856,0.006107730827433564,-0.3315338725762279,0.11497762316248514,-0.008169295288961733,0.048690407895096335,1.428127028331547,0.0009817893766302479,0.0790432082569433,0.023927890795315,0.006151086265243219,-0.05537420986561752,-0.5565105670007112,0.006100555891460456,0.038853693996311965,0.03602383791878947,0.021952244653171124,-0.012070373592438965,-1.9167371970351867,0.0009417208428657011,0.1568967918802445,-0.04754119784578571,0.008258184403449829,0.0384934891883404,-0.08292587432777355,0.0009911775183994518,0.10937120605812516
2003-06-30,0.21142139024539033,-0.0060354757998223865,-0.011303297715623165,1.8421975633223078,0.006354387110877875,-0.3211544731040248,0.1167818255098418,-0.006520781818491591,0.06904639731538738,1.2244055038622998,0.001107264678911994,0.08443798642579904,0.02402474070260195,0.006241156574347872,-0.05430418117982239,-0.5677541809304888,0.00610750829493348,0.039144522310960474,0.0326464711416328,0.018866004788923255,-0.05016899661442521,-1.5353159630656097,0.0007067936911432766,0.1467982839996486,-0.04698308707077687,0.008775720683395308,0.044676003322488986,-0.14743527526524608,0.0010310344226557649,0.11104469828616385
2003-09-30,0.21229579087502196,-0.005204275245763901,-0.01248377455946312,1.7412912551230644,0.006415002948809525,-0.31014973543745816,0.11861897012385025,-0.004801022491480182,0.06619123950113677,1.0178188412934244,0.001230899169465129,0.1079377096180105,0.02349407403665282,0.0057339853765694246,-0.05362312336304428,-0.5059885943917114,0.006070345757268944,0.03249381322567801,0.03061820736646122,0.016967112701511092,-0.04702036014897322,-1.307189028042258,0.0005702650587197358,0.12085824518871206,-0.046233695367309716,0.009489476950030431,0.04368245806256563,-0.23418542118779775,0.0010831758055111756,0.12046130733993575
2003-12-31,0.21521233061695694,-0.0026412512388056344,-0.021197268567974988,1.382270536785187,0.00668694463567166,-0.25395345814453146,0.11900507205367758,-0.004470965747992304,0.06509676342368406,0.9720329284715536,0.0012651365446336158,0.11527544759395733,0.024010833314043176,0.006192593580243314,-0.05519265548910752,-0.570417870460829,0.006119348491178628,0.04250949931919058,0.02971074966010796,0.01619121353720122,-0.044446853931408695,-1.1995457462559194,0.0004897635511054846,0.10361096692110443,-0.04567196948885167,0.009984868709950986,0.041994038547072204,-0.3036534114121739,0.0011358735000324921,0.13130729289732407
2004-03-31,0.21538326452640874,-0.002491196143613231,-0.01908264087826373,1.361670997507296,0.006705046718385272,-0.25252906988559587,0.11946140813140159,-0.004079299195848591,0.07087883546144189,0.9188677989960139,0.0013115165163063362,0.11895959875138336,0.024445293602939018,0.006577081958583779,-0.04985335222086285,-0.6233834812824032,0.00616600616298648,0.046174574131101466,0.0295536566995518,0.016056359811405164,-0.04643685235665747,-1.1812387379557971,0.00047379197208369245,0.1023424267247416,-0.045816239682385185,0.00985785108573238,0.04021364967309905,-0.2861942815179625,0.0011205175483349754,0.13009981057504114
2004-06-30,0.21515877861459698,-0.002697234947646472,-0.022928688939067576,1.3877207142152925,0.006682360598144872,-0.2536170345314334,0.11923077011129854,-0.004287464425342522,0.06692333543891674,0.9448766783296184,0.0012889496834405303,0.11780980995212238,0.023839823676764835,0.006018055099795267,-0.06023301108021747,-0.5524465087730495,0.0061041363399615255,0.043258452912214584,0.030089141494458814,0.01653973038119683,-0.03725349351375707,-1.2416391386115029,0.0005262002609305803,0.10501113881433921,-0.04665296268607325,0.009088236520555446,0.025875659387210165,-0.18876070459900157,0.00103561997340702,0.12605449636404126
2004-09-30,0.21439645290046103,-0.0033842209596911268,-0.030457610786072713,1.4784821787748377,0.006562840720389994,-0.26175521086855325,0.1189137774761606,-0.004564320827952085,0.0638960848369445,0.9809817865473611,0.0012411960849904652,0.11439193388918677,0.024100827313965185,0.006255875870861439,-0.05762253648185559,-0.5839873474332361,0.006145612636447705,0.046040261587447597,0.030684183528511752,0.017059556903679187,-0.031569532394126854,-1.3094383735135378,0.0006158700451083654,0.1114261833992953,-0.04763747157929528,0.008197480193968916,0.016108291903450145,-0.07091106584699193,0.0008805087508244131,0.11555139397612953
2004-12-31,0.2160032468170278,-0.0020463351960603496,0.001874327022471808,1.2761118615241251,0.006589922125414253,-0.2227023424761744,0.1190685225243275,-0.004437047325651207,0.0670607192400684,0.9619108473304793,0.001242920497490157,0.11819415198428912,0.024092255626796347,0.006248704569836892,-0.05779444211133779,-0.5828991436017316,0.006145451153898207,0.04583231958918241,0.030100942026498708,0.016579815865492977,-0.043494972641900165,-1.2375473755885151,0.0006093437338404314,0.09709737814546067,-0.04802160645211492,0.007877088228326059,0.008388807671565697,-0.02239212311297695,0.0008737594288635018,0.10622216105652899
2005-03-31,0.2154584049738973,-0.0026236077680930952,0.0002892997691250084,1.3331831718180545,0.006532712922544137,-0.22939280281763003,0.11874632759203191,-0.004775442234938307,0.06622207770816517,0.994623720974985,0.0012084909790778284,0.11427005501208949,0.02453272009913407,0.006716779030194939,-0.05646701357639478,-0.6294950558114478,0.006191472692958873,0.05126177735740015,0.030492957671154244,0.01699157032854414,-0.04247362081536139,-1.2773599798843478,0.000651227224984433,0.10187202218859441,-0.04816488713371218,0.007725114438425863,0.007966557556804012,-0.007329349352837289,0.0008587423746859289,0.10446035954190577
2005-06-30,0.21563925943602313,-0.0024608511256981537,0.005314096335109333,1.31177592060699,0.006528141776992889,-0.2259118642404825,0.11861854789250796,-0.004890332350431794,0.0625492450668031,1.0096872908296766,0.0012120575026785254,0.1117457083388547,0.024777072094159698,0.006936776219024153,-0.04974458802603696,-0.6584665219091931,0.006185526943459583,0.05593127267211574,0.030496244289762296,0.01699452542231829,-0.04237918226459974,-1.277747439481463,0.0006511355584931799,0.10193693426978061,-0.04855749194005504,0.007371742001407146,-0.0029017735881730765,0.03916969102080029,0.0008685325401507621,0.09692398606950903
2005-09-30,0.21591646253445965,-0.002169693862410026,0.00857232636106184,1.282849539758593,0.006527149835991789,-0.22311562514552488,0.11874265027936887,-0.004758939013818183,0.0640140997448044,0.9967551544002445,0.0012119722503126952,0.11303167703007769,0.02486904411902159,0.007033095652601877,-0.04866448443607334,-0.6680637023870998,0.00618512265669036,0.056851688961296803,0.029982329374091704,0.01645045199295821,-0.04844490797359617,-1.224193585358515,0.0006515026767337771,0.09661299918470924,-0.04884067542833856,0.00707461468756392,-0.006229197438358329,0.06872066997765723,0.0008696319858387414,0.09407577161740979
2005-12-31,0.2161614715296582,-0.001931055927752712,0.013277729603310145,1.2554942765226467,0.006511432631660409,-0.21869325814110477,0.11836514450290739,-0.00513048908205944,0.0564769362370256,1.0392475776873584,0.0012363279425965392,0.10594389384501986,0.024729197363739176,0.006897378792250119,-0.05131899902634871,-0.652493082467102,0.006194061660964548,0.054357753437906095,0.029674234957923575,0.016147243887583346,-0.05459404004720003,-1.189516504527523,0.0006713799357540445,0.09083049479005767,-0.04933511297593099,0.0065936642259163914,-0.0156840948914702,0.12386929489273743,0.0009013112647682252,0.08519069387230777
2006-03-31,0.21661706955335652,-0.0014291493572296417,0.013496463737272747,1.2099450714545037,0.006512615126503814,-0.2149710179401757,0.11980441555888058,-0.003533169976556451,0.05697904466888359,0.8952188544750159,0.0012461196191670403,0.11807242095848264,0.02476365953839075,0.006935233048801942,-0.051300904320297165,-0.6559348406905979,0.0061941068211569805,0.05463664476591067,0.02928214931724312,0.01571212601583617,-0.054731241853703996,-1.150279954455317,0.000668727346121575,0.08752737159677748,-0.04929006828008494,0.006643236083870929,-0.015661735990683014,0.11936743376256095,0.0009014069098877695,0.08555742870974324
2006-06-30,0.21600724715187183,-0.0020774899807490133,0.006904636877103197,1.2725935446674606,0.006539049405264189,-0.21945234925683677,0.11913732274165706,-0.004251412601614378,0.04935049787909836,0.9646353331386054,0.0012738948607100673,0.11288725434617897,0.02561540217314862,0.007836608144106685,-0.04225779692934531,-0.7430211407747632,0.00615680963614385,0.06078545584955936,0.029781855572507718,0.016250095337922904,-0.04901965031986658,-1.2022734636119512,0.0006479127696182061,0.09140957169267129,-0.04919691146721542,0.0067421133449165095,-0.014661340244352207,0.10981349827832237,0.0008973532993854806,0.0862375661199178
2006-09-30,0.2164867147456379,-0.001596847461543049,0.014155813060556372,1.2205603959934237,0.006510510398525215,-0.2137962925084633,0.11823096230697784,-0.005170502687400262,0.03508511689374752,1.0641207125910408,0.0013268343364403348,0.10169308100006785,0.025712526511666466,0.00793356836833562,-0.0408072554281686,-0.7535179444006298,0.00615100471982585,0.06191464805360611,0.029759853839275863,0.016227786604803857,-0.04936581713437274,-1.1998586878698438,0.0006491981328845728,0.09113794489705564,-0.04881918045693683,0.007120207708088887,-0.008974890990134926,0.06888169118968217,0.0008748338967308335,0.09066988471053325
2006-12-31,0.2175555729492545,-0.0004480116073054012,0.013737330365507611,1.111336427855837,0.006485925153056957,-0.20700319820177093,0.1186924546766084,-0.0046696611796579095,0.034858041556407815,1.016632374238941,0.0013176736213952544,0.10474867857246328,0.02610816655224694,0.008357256604200477,-0.04094869257271907,-0.7938280067918304,0.006141534492906526,0.0643968314248733,0.02937712451671199,0.015812453861848905,-0.049177813232109346,-1.1604769704776006,0.000656806495493912,0.0886047633050844,-0.048628390858277755,0.007325005482724915,-0.00904723666777459,0.04940565323823277,0.0008703796591317108,0.0918767294972635
2007-03-31,0.21777014703633113,-0.00022838449746472194,0.014050906080083166,1.0883158885292503,0.0064755970233897325,-0.20441157655963316,0.11894121275137087,-0.004412699727006957,0.035267386611155374,0.9897062395687104,0.0013059608478407422,0.1078766677258265,0.025617183204077965,0.007856389493678567,-0.0416390137793012,-0.7413272590682272,0.006165291627945595,0.058541500787801286,0.02908651952163155,0.01551228687153869,-0.04965553513822258,-1.1290233517190809,0.0006704928450389235,0.08495187619475776,-0.04908566031805945,0.006857528297134412,-0.00970614814555414,0.09840567165679805,0.0008924336071105043,0.0863793806173407
2007-06-30,0.21897257211814908,0.0009905317440740903,0.015557105279241154,0.9579741673797931,0.0064069158198617965,-0.1864689756116347,0.11860008421275833,-0.00476219556579212,0.03479004523542005,1.027000095817681,0.0013251026081881434,0.10261326258102718,0.024803365712259103,0.007034517164962566,-0.042621711463799776,-0.6533857801891789,0.006211958016955365,0.04652332726231708,0.029386962961195917,0.015820073769338194,-0.049235517894014855,-1.1618671617593577,0.0006536307420217202,0.08958614561076939,-0.04941827178491821,0.006520812221617381,-0.010117278443501602,0.13442009119769005,0.0009114607766170571,0.08143499762024652
2007-09-30,0.2190701844327756,0.0010848229741837793,0.016743909136912916,0.947032621744351,0.006402985456049239,-0.18525453250616483,0.11743356912487282,-0.005895593061804312,0.01989262291304757,1.1583272586925024,0.0013704879322424075,0.08774749654314964,0.023348586549317603,0.0056322745582472735,-0.060035711265182264,-0.49059484879377174,0.006271075399191999,0.028551458052822793,0.028976543435911672,0.015421324186982664,-0.05447466785429154,-1.1156633183427223,0.0006696042126627449,0.0843570448391346,-0.05042679448650205,0.00554735451542682,-0.022309644967994327,0.247399061876949,0.0009522091834690559,0.06892016203467835
2007-12-31,0.21848659932905598,0.0005334649230966265,0.004809047485377421,1.0133027219666189,0.006427255937047507,-0.19184734267452677,0.11690651066579025,-0.0063969563713133434,0.008738283111553922,1.2184295680154882,0.001391957846497314,0.0816137722867126,0.022683953654290122,0.005005883525824302,-0.07348501364883449,-0.41523988501829534,0.00629885629233755,0.02110863253011921,0.02920196755269716,0.015635746707440154,-0.04970540762505352,-1.1413683714811382,0.0006604195199589667,0.08697972633487423,-0.050758269632028084,0.005234459555411625,-0.029062413637367036,0.28501928640697966,0.0009660213298888096,0.06518755276374744
2008-03-31,0.21734631027096124,-0.00045534738249852297,-0.013423850442829132,1.1526696220015185,0.006462346453971417,-0.2214547387114854,0.11666566176512498,-0.0066053733185358465,0.0048250816935935465,1.24765026395339,0.0013995366270785439,0.07522845218403647,0.023044483108196335,0.005318778636450779,-0.06774282028726865,-0.4594195874604855,0.006287855105687992,0.030416056457593765,0.029504789928825808,0.01589779516404893,-0.04478613061096381,-1.1781099376495765,0.0006508922385409213,0.09500641157396264,-0.05073146882889277,0.005257707051730565,-0.028634511756287874,0.2817405677889365,0.0009651990579512845,0.06588194569079002
2008-06-30,0.21647784834323958,-0.0012971483824664343,-0.03092801256048855,1.248386201583907,0.006410055563797129,-0.21621124828089047,0.11710960956282054,-0.006177651971614477,0.013880111541380448,1.1992775839615675,0.0014269329445908325,0.07249950703047858,0.02225088809751202,0.004548152880168571,-0.08368716977386628,-0.3716587798384997,0.006240479937095225,0.03517660727131813,0.03062065320624572,0.016972928329846936,-0.022029101155227694,-1.2997071587373272,0.0007197390856793082,0.0881482174546642,-0.05119719323010136,0.004805975566899576,-0.03801024570485268,0.3331341598120234,0.0009372438009547164,0.06868735142880403
2008-09-30,0.21613782412399415,-0.0014861345888710306,-0.04272914158947368,1.300443923358479,0.006408370003741413,-0.23676298991380856,0.11741756412684372,-0.006013290607445093,0.024619750020498328,1.1536823843821389,0.001425595811252634,0.09132410815378783,0.022936021523673814,0.004934504769327944,-0.059878738677821605,-0.4778925882103608,0.0062459915958413695,0.07653764770712414,0.030639418052307483,0.016982946642396524,-0.021374766816882516,-1.3024861153117757,0.0007196590906005396,0.08929508986232894,-0.05109229344575126,0.0048645838209889925,-0.03436833902210594,0.31700090806635584,0.0009378812349208943,0.07502420991215308
2008-12-31,0.20681346621120844,-0.010943883447533503,-0.02506919694121603,2.3018662832157815,0.0058326343006063356,-0.21752453862915588,0.11690204703593075,-0.006532643920254411,0.025627272006465158,1.2083767602819844,0.0013933655259038792,0.09238192746248436,0.020134142204026505,0.0020865217608601657,-0.05462924619629868,-0.17588381364323277,0.006073707929924527,0.08232387760385997,0.03265131622854497,0.019009930813203665,-0.02530577004578567,-1.5159640656988282,0.0008454298817830186,0.08516651678870267,-0.050557901746318745,0.005407044106619912,-0.03537651840454968,0.25953103387683735,0.0009708278785075284,0.07392119897869702
2009-03-31,0.20063624932630206,-0.01729155120639546,0.07933824548096212,2.9650423827810815,0.005508930019160253,-0.25191215884546236,0.11734554546575524,-0.006080515614363417,0.01801904782975812,1.1613485994266708,0.00141680465692337,0.09494558436931796,0.013781612623797387,-0.0044579814196418445,0.052286675136141554,0.508634246779509,0.005741730562054461,0.04737668139603259,0.03157101459133233,0.017908536297272702,-0.006775874078913985,-1.4013972768252105,0.0007883399419680661,0.07892389962610459,-0.05253268203844863,0.0033758695299283942,-0.0020509521693530437,0.4718300344100014,0.0008674457724531545,0.06297532845733757
2009-06-30,0.2041773890283426,-0.014180095924018112,0.10029779233751697,2.5380689578782283,0.005661259380329299,-0.2137137608937098,0.11862972458762745,-0.004969588886447838,0.026422589433894274,1.0089122216308937,0.0014693708804948038,0.10901673876034101,0.013736645160075795,-0.004497706239782949,0.05202940338884186,0.5140849322652556,0.005739765270564271,0.04689358319423227,0.030852199583868315,0.01728662323088612,-0.01147577614503627,-1.3160608260235744,0.0007589036361029725,0.07104890424334617,-0.05331816499627115,0.002684346955579201,-0.006643415103548156,0.5667219144085233,0.000833460080005906,0.05451517313856451
2009-09-30,0.20643784606921564,-0.012162090624855954,0.13801122381226388,2.271636405060126,0.005830739006962964,-0.22381864439663549,0.11943616903080741,-0.004258957408018279,0.039974640610200916,0.9156451171730977,0.0015287156611267505,0.10536651525681894,0.01583590170921545,-0.0026151848383913425,0.08699730285841423,0.26510530493185486,0.005898108701697344,0.037547946511134585,0.030137491152035678,0.016656764854068588,-0.023485206107711452,-1.2333902390390536,0.0007063012026137833,0.07428353746871585,-0.052005375446629074,0.003858239447061988,0.01524582330824316,0.4116356097365615,0.0009321041509877718,0.048655339764488055
2009-12-31,0.20771005523069533,-0.011015161737185874,0.14266432806981125,2.1212665154993835,0.005907532326381045,-0.21818608074257997,0.11884711868575823,-0.00478324264262906,0.037888321392356296,0.9839927143521723,0.0014943038314097377,0.10264454218976,0.014219048732902995,-0.00407933906707357,0.08101312035910987,0.45739282032880685,0.005799460298031701,0.030482647759637826,0.031235798649815197,0.017634411834481622,-0.01959426896053937,-1.360846256562747,0.0007704809904007519,0.07935678806306654,-0.05259764372921035,0.003323430404989648,0.013070349835891561,0.48179657245981783,0.0008962136191775939,0.04604569994431626
2010-03-31,0.2089128048808446,-0.009987467519511883,0.1478031539865373,1.9732262196646195,0.005983466202637762,-0.20396948706600337,0.11931071784836357,-0.004393751030131343,0.03990462225944559,0.9282286592088083,0.0015221984121189375,0.10816786743507642,0.014813759897512848,-0.003568123067592983,0.08354396904943731,0.3836127169113725,0.0058376031982155475,0.03750264974267417,0.030348451872413106,0.016888813948749724,-0.023452789954256318,-1.2540921113431491,0.0007170680685855721,0.06878600058680075,-0.052107932652991115,0.0037427746178261383,0.015159461878451342,0.4213478532731679,0.0009273088430296851,0.05183097002322564
2010-06-30,0.20467569686883458,-0.013916611976453329,0.11578271072405848,2.4611676701344876,0.005681661638079387,-0.1867975130292364,0.1199750805281741,-0.003784671227638602,0.04497041451109388,0.8530226842350863,0.001568745660317647,0.105463117072756,0.013090521932852843,-0.005172336588412595,0.07054702843497794,0.5831699951419165,0.00571419617808731,0.04447587228607261,0.030571243668422322,0.017093085125254277,-0.02175416826450585,-1.2793157923773222,0.0007326796775883695,0.06787901213258814,-0.05226634392242474,0.0035956692374278045,0.013963234257714657,0.4396275727160467,0.0009160031835011864,0.052472625533795926
2010-09-30,0.20731011802408392,-0.011492711845089704,0.11980032896579772,2.1541961420272484,0.005833061127222047,-0.1778701405299742,0.12016664286174902,-0.0036104801624990274,0.045259807394461116,0.8310625604005021,0.001579479038460028,0.10615030767592272,0.011357205943111735,-0.006773613513955491,0.06789118821407324,0.7862280952610861,0.005613746329783946,0.03870704102463116,0.03030494430409517,0.01685091212817269,-0.02215648133046258,-1.2487839316554687,0.0007177555970397281,0.06692419821816437,-0.052225663657687084,0.003633153760798395,0.014025375482127816,0.43487808798640604,0.0009183482036459432,0.052609576375658426
2010-12-31,0.20959764184026475,-0.009471356240604675,0.12376726937976391,1.878131536231317,0.005910757188558072,-0.140911342408382,0.12090265314129421,-0.0029671622367313873,0.046629859425261884,0.743672162475394,0.0016030005818936204,0.11826164783886328,0.011065332925507232,-0.007032534938865684,0.06739607766907812,0.8216490095796627,0.005603630373498619,0.03401477311195571,0.029549830265922207,0.016190842431977385,-0.02356120813868601,-1.1591136522357384,0.0006936113217558853,0.05450078491011593,-0.05159836102407053,0.004188248007603838,0.015104467679564436,0.3590203145818262,0.0009398118553318341,0.06272593476172096
2011-03-31,0.21007962648390036,-0.009053295165456618,0.13040221763791385,1.8195174156332,0.005941050996178428,-0.13537825835544842,0.12088515355025316,-0.002982131373882374,0.046383921647654675,0.7457548826836797,0.0016019332179673838,0.11806184550970072,0.010682757474994834,-0.00736601570576327,0.062159677815381745,0.8685165638803853,0.005579340130127525,0.02960921968052593,0.02924518098365166,0.015930218223546778,-0.027841844973393693,-1.1228494241062683,0.0006750250704930394,0.0510224043928238,-0.051573140263263054,0.004210162948578376,0.015450915941690502,0.35594504466182597,0.000941402864626613,0.06301577529363672
2011-06-30,0.20963865647483546,-0.009446731451930567,0.12416926609627793,1.8719842167575804,0.0059067328248718015,-0.13784582068744775,0.12051696128342507,-0.0033060490237439852,0.041174281158655734,0.7886109936932185,0.0015740917523752891,0.11598765633404379,0.009735778117057697,-0.00821511244186819,0.048763069984910375,0.9820244664320986,0.005504932452944769,0.024312113705069697,0.0297962357259158,0.016415061455737734,-0.020045163220872943,-1.187001440968083,0.0007167038874033396,0.05412642133580697,-0.05224424963522138,0.0036103210880152658,0.0059625596337036365,0.43600863314547944,0.0008889919726030945,0.05926123638021821
2011-09-30,0.20565189993231822,-0.013204979835582718,0.11254953500755431,2.3275484077609687,0.005643810731813921,-0.13984222744256777,0.11885968506522146,-0.0048513188175157125,0.036379955101209026,0.9749487837489046,0.0014664946023955365,0.11499714536878301,0.008425247755507103,-0.009455141717964364,0.04492858498133873,1.132564336582597,0.005418049686198654,0.023693804479026363,0.03131901382964056,0.017835045139245647,-0.015639814064450478,-1.3582399409635417,0.0008155813607758749,0.05503519713102582,-0.05279210351431257,0.003093167692896414,0.00436363978264923,0.4987315120918831,0.0008527925322911231,0.058992742740499496
2011-12-31,0.2082834890228684,-0.0106372670477899,0.11606460355357841,2.0354053893891395,0.005759982646562018,-0.14644868341634076,0.11987994308266983,-0.00386170617583641,0.03778870200265275,0.8627141272203717,0.001511760834238267,0.11253946261482586,0.008701267702214754,-0.009185315447675245,0.045293698043039864,1.1018385397711477,0.005430218394027513,0.02299179520170439,0.031259364121218915,0.01777718432647513,-0.015722151242521028,-1.3516775793770937,0.0008129349996229355,0.05517893736031668,-0.051989890631555576,0.0038764503784928517,0.005431329970594753,0.4095846441943267,0.0008881889170143032,0.05696919713305458
2012-03-31,0.20928418775166566,-0.009735866585953728,0.13397358622926667,1.9160419354046165,0.005758390622311233,-0.11886234816481349,0.1197123816518378,-0.004011845620292177,0.034600886471584054,0.8825706877380972,0.0015124155191636136,0.10763790399789065,0.008635570018965998,-0.009244609064435904,0.04413999707159522,1.1096932939105673,0.0054302706114633574,0.021214044542932176,0.030861275701016024,0.017420473319525467,-0.023291549789562226,-1.3045005661746742,0.0008144829432549577,0.043540062497903625,-0.05217536373029192,0.003709264484294892,0.0021349710014689893,0.4317266010360236,0.0008884305600717252,0.05189088290197936
2012-06-30,0.20832314753722864,-0.010688148097123663,0.12258458886975225,2.020973623628441,0.005715981902016562,-0.11307651365044546,0.11979011130786152,-0.003935119547122016,0.035530319484288815,0.8741418895265793,0.0015159510819620966,0.10716687169681696,0.008296510598449673,-0.009580932805809695,0.04013152752837465,1.146782438820299,0.005415457446956433,0.023250805562174428,0.031065730392603096,0.01762229504640416,-0.02084706286622701,-1.3266725190674666,0.0008237802232540027,0.04230116582130086,-0.0516858464748148,0.0041945143454869774,0.007930937121442924,0.37824097223758657,0.0009099537822688106,0.04894612913572249
2012-09-30,0.21030322902937562,-0.008783319169166835,0.1112435844095915,1.7970529890182652,0.005781981778601055,-0.0970618487897113,0.11954261955964936,-0.004171664625629862,0.036978042658700555,0.9018421757786546,0.001507686009359265,0.1051037016316441,0.009121538474819616,-0.008785547596254656,0.03543618347885868,1.053180748730402,0.005442958114408942,0.0298624380078233,0.030195736738773737,0.01679073907395252,-0.015758959849168083,-1.2292907079407125,0.0007947275517662484,0.03505063689432515,-0.05160295117975664,0.00427432212026709,0.007457259546067071,0.36885547189349305,0.0009127168143719917,0.04961431857186366
2012-12-31,0.21003943603027705,-0.009049358127322766,0.10658450633250652,1.8254441190571298,0.005777532696592559,-0.09650642320253051,0.11965595612885813,-0.004057054464435163,0.03908992823390008,0.8896591590310964,0.001509771059887847,0.10486041661713091,0.009784053447543739,-0.008118134288085138,0.046937353722807336,0.9818738129096484,0.005453839297115274,0.028477111992738842,0.029728600025140748,0.01631836245922308,-0.024459426699236026,-1.1790754049426322,0.0007861403873561214,0.03605322520473246,-0.051181235777022126,0.004699462387376837,0.014858876989552029,0.32346610636012324,0.0009197604023256894,0.04872858442606381
2013-03-31,0.21192860691030527,-0.007200512257788149,0.10968595250922292,1.6153710240028027,0.0058373034326054205,-0.08739215635493919,0.11988763122788304,-0.003831345372478805,0.039459644464769926,0.864095791149832,0.0015172972565875144,0.10603067774642734,0.009978233948627018,-0.007927834287816338,0.04725930313263075,0.9602324029131235,0.005459933155325812,0.029400381663378022,0.029035912925206863,0.015643488242066083,-0.02556508316006173,-1.1026380371924562,0.0007636431985950058,0.03255567364645701,-0.0506230802712291,0.0052459857635496175,0.015778488480877054,0.26134780805665603,0.0009373672390202717,0.051407119335495105
2013-06-30,0.21214888308915225,-0.006981316145397027,0.11207781946185688,1.5913073832482951,0.00584589565656653,-0.08741683470010561,0.12003558344151365,-0.0036845968371384914,0.041116790974247946,0.8480453152523162,0.001523251184881989,0.10603208554496908,0.010288199021435726,-0.007619103648722487,0.05059299892653097,0.9263052470787453,0.005471905338013958,0.02935397088822229,0.028625470754126095,0.015236374059610135,-0.030160971140377038,-1.058108695616962,0.0007471306783180564,0.03255221046119434,-0.05079530597515288,0.00507454468326069,0.013914918939482728,0.2801759472636172,0.0009306733891347452,0.05142879553073492
2013-09-30,0.21280786187678832,-0.006329234512086278,0.11838562206440283,1.5190257660816864,0.005885425087062382,-0.08971633578702376,0.12068411345041992,-0.0030474935395241797,0.04738443739743754,0.7776635774370372,0.0015625824840359577,0.10387541052415873,0.0096676780984022,-0.008234542033609439,0.04466809853847075,0.9945834902736415,0.005434818281304887,0.031552470047656433,0.02829370114449894,0.014910430649136736,-0.03336699510029818,-1.022099982075134,0.0007270118469187517,0.033655960252299534,-0.051336187290742644,0.004538871227108885,0.008742363831941255,0.3395732263944131,0.0008982707426666834,0.05332675356175535
2013-12-31,0.2134215177305271,-0.005744322913531741,0.1321523463122755,1.4494739612421157,0.005948068444750244,-0.08793606160860336,0.12056236185046147,-0.00316179830679706,0.044620618671152176,0.7911737110101377,0.0015502952977208676,0.10347366616423247,0.00963547838947144,-0.008265393240289399,0.04394789505423262,0.9982580270992557,0.005431519050372166,0.03146318367188006,0.02841866678949236,0.015027766776262271,-0.0305305725797524,-1.0359692283706652,0.0007396245717672999,0.03406787812995301,-0.05134163983125678,0.004533664278846629,0.008620179301520483,0.3401927638792856,0.0008977133775360676,0.05331119002843432
2014-03-31,0.21356496450572446,-0.0056061790135933836,0.13233263252431626,1.4333205582979989,0.0059601766516246815,-0.08790556450069396,0.12054916550281532,-0.0031743470437544945,0.04460474701679098,0.7926322873269853,0.0015491994194180862,0.10346926995010332,0.009941466807665472,-0.007969430515969452,0.04433885602644903,0.9635922331708561,0.005457489675940902,0.03151646382319701,0.02778902351983201,0.01442896419282576,-0.031288104104867744,-0.966364643269806,0.0006873296213951562,0.03385878172696558,-0.05147156011252526,0.0044083489089337775,0.008455925700948259,0.3548552846704505,0.0008867249636214211,0.05328539259194732
2014-06-30,0.21378429782679328,-0.005403555404065929,0.13482287242280291,1.4075945122475948,0.005982065702068711,-0.08302780624440427,0.12021863141276608,-0.003474476178618522,0.04071018458695738,0.8303823116363255,0.0015170740765563554,0.09591847923317158,0.00986620049054447,-0.008039394521696466,0.043493619569160355,0.9724998168577011,0.005449908579216502,0.029855551441408248,0.02779772585170453,0.014436867047734503,-0.031185603163271684,-0.9673587448817145,0.0006881755959980366,0.0340575286627781,-0.05172364249829407,0.0041749506463826845,0.005605402108310951,0.38451892863395326,0.000861483504062324,0.04769537109062203
2014-09-30,0.21352244502003767,-0.005662763537559833,0.13108412476281905,1.4363305742941814,0.005958688911838902,-0.08213540441732307,0.11932364951714958,-0.004351482258785348,0.02783584502930906,0.926956079000632,0.0014378552064136766,0.09897764030556222,0.009503623777905593,-0.008399542806729473,0.03832571965056548,1.0125039097969164,0.005417440358886634,0.03108953622800815,0.02786297599620546,0.01450081173241955,-0.030247057802474046,-0.9744006259378968,0.0006939515419969747,0.0338345004108706,-0.05189474222386019,0.004005367276758074,0.0031640381693711903,0.40333262950022014,0.0008461917133896927,0.048278211970139664
2014-12-31,0.21427740844122073,-0.0049423292243136905,0.12771315733964378,1.3501849867584532,0.006018000359309362,-0.07309340634222274,0.11988858993934172,-0.003819292956382242,0.025280037361192127,0.8637888016275252,0.0014813960517164584,0.10585809059253552,0.008990948435984355,-0.008890995588780821,0.040606338685064476,1.0713965284107898,0.005376891162398634,0.02497696526871689,0.027617739041370562,0.014269769024186908,-0.02913774163216214,-0.9469755242286338,0.0006750479524093696,0.03084824803018452,-0.05184171553243677,0.00405605189612596,0.002927595576110232,0.397267188833124,0.0008503677609635464,0.0489122327397675
2015-03-31,0.21570271245410935,-0.0035979356639734886,0.10100664219980296,1.1855216785805578,0.006105611550941124,-0.04898023424600989,0.12050968615776828,-0.003240320391417991,0.013594832695310108,0.7934229740899249,0.0015187497959413215,0.11639531191922438,0.007919600227998601,-0.009905776385154557,0.06067396746062677,1.195977943319552,0.005310521184771111,0.006849243018186254,0.02716360776910228,0.013846399906599931,-0.02059431855046539,-0.8955174242474085,0.0006477312177771522,0.02314408570763456,-0.05291231734307682,0.0030446929878613226,0.0229846448026308,0.5212461264772383,0.000784374082301028,0.030799688755725287
2015-06-30,0.21593225116706774,-0.003371980370481878,0.09898322138157879,1.1600664769907865,0.0061197355001007744,-0.04799533644407378,0.12069504472944316,-0.003059271988400897,0.0120001261525178,0.773170107184248,0.00153015512122133,0.11716943282534631,0.007985516215240577,-0.009840716784390443,0.06008781989129639,1.1886332507142663,0.00531457941979751,0.007135027347229458,0.026601052023728106,0.013296892140027194,-0.015753560983391274,-0.8340430697964203,0.0006131170887957429,0.020794218940694838,-0.05356029920510311,0.002406209783742515,0.028714701050476115,0.5932305248964936,0.0007444951608186519,0.02800899683172421
2015-09-30,0.21590074239612755,-0.003426448058432785,0.06753084205472884,1.1617297304136995,0.006087811059389863,-0.06509487788482135,0.12069212020786287,-0.003079720021212167,-0.012409336626184255,0.7716590798639723,0.001507336235131403,0.10406743933999212,0.00797400806838981,-0.009858758832699795,0.0512774444223941,1.1894577478619586,0.005305386317982435,0.0023227951830949614,0.026601733370504005,0.013301425600701121,-0.010387360360672095,-0.8337157713923692,0.0006181370406384075,0.023674861277773858,-0.05357075796781698,0.0023888478285353267,0.019306868447874055,0.5938657340061514,0.0007348499786418778,0.022885763760180186
2015-12-31,0.21679590032478702,-0.0025616549947596874,0.054892697609494875,1.0604212030827678,0.006149879988513548,-0.05159640862822098,0.12023856892693031,-0.0035131222247033146,-0.0059342198708347135,0.8220325961406623,0.0014763441732378148,0.09725154889918738,0.00752012275978623,-0.01029894191350903,0.05766778198391955,1.2411457066299783,0.005273743040014488,-0.004536564764446101,0.026179593162399272,0.012898005519418845,-0.004361399047360476,-0.7868236244453677,0.0005892883234335726,0.01733101504383094,-0.05367292494412531,0.0022900086807163935,0.020747788207185158,0.6054545595501655,0.0007277520212614428,0.02134398202338879
2016-03-31,0.2168610046258672,-0.0024969971652611966,0.05428455015578052,1.0532554145840756,0.006154172532016039,-0.05131371903237476,0.11991017550938922,-0.0038366624142546187,-0.0029080236200371445,0.8576464051941376,0.0014546741315379478,0.09583075600788572,0.008038640653660124,-0.009782577955267959,0.052799244417550725,1.1838055580436855,0.005307938903612585,-0.0022787690394429202,0.027140109933086073,0.013844386099105396,-0.013213539553192415,-0.8910034651241874,0.0006526695068341433,0.0214866409600985,-0.0528652841991171,0.003092905450082307,0.01318956083872138,0.5164073022375343,0.0007810061788645165,0.024854171944489457
2016-06-30,0.21701445746057957,-0.0023364839347317645,0.05507850265457374,1.0372570936393333,0.006162398885883097,-0.05287523029967049,0.12016157411857727,-0.0035742358770546787,-0.0015270381811598832,0.8315916905344727,0.0014685666453142132,0.09325228502763544,0.007973148349021832,-0.009851114033200667,0.05246717663545717,1.1906435161320883,0.005304461438440495,-0.0016140873461664151,0.02658513106425499,0.013265051099292324,-0.01626062614557685,-0.8334826066045888,0.0006220091794280783,0.02717838013930786,-0.05273943092317713,0.0032245727325657266,0.013835970454141701,0.503279022803352,0.0007877294306267708,0.023574723922863566
2016-09-30,0.21705572083621572,-0.002275664545918949,0.06259273690965242,1.0346164803097186,0.006157471281839398,-0.05082946458007936,0.1202424862758868,-0.0034411533873339364,0.016652877679874997,0.8265274832107379,0.0014572861020339747,0.09846869219184742,0.007952703685790392,-0.009880306271072828,0.04897210154633875,1.191958265201133,0.0053067848554341135,-0.002548282655843079,0.026532345981672163,0.013178319157102365,-0.02809830226577352,-0.8301780011484462,0.0006293586591522925,0.023783197757293508,-0.05278791411535245,0.003153948922165349,0.005210314275679035,0.5063874867439382,0.0007934151724954032,0.02124188449701975
2016-12-31,0.21749170194305595,-0.001825099532542844,0.06205185468616354,0.9881525426396229,0.006166420034956296,-0.0439911245022625,0.12055219420231633,-0.0031210196677779216,0.016152779465526467,0.7936431066880175,0.001464338482821546,0.1034146972697435,0.0096184000657746,-0.008159336253268507,0.04711203093128327,1.0142957664409844,0.0053398573055082384,0.02343383342827166,0.026604257103119405,0.013252651022760525,-0.028214194085377287,-0.83781371913679,0.000630994664703375,0.02493141983315684,-0.05248508060071325,0.0034668875411618216,0.004848250827372606,0.47410321559941737,0.0007995562190525965,0.02598221828105931
2017-03-31,0.21774090388221826,-0.0015607591465494836,0.06918815850189647,0.9624671938928889,0.006184340967447038,-0.04434208624178198,0.12029286578474378,-0.0033952904655461667,0.008535168911263291,0.8201511105135602,0.0014449761750536577,0.10378883720433227,0.008975212381929602,-0.008842105862103952,0.028837282835711384,1.080733737984939,0.005294170744584122,0.024330457121591945,0.026602939397592056,0.013251257354974984,-0.028252891930872027,-0.8376790153195572,0.0006308963122670403,0.02493332062196326,-0.05282872505813616,0.0031022620419656763,-0.004964337241452654,0.5095519947369992,0.0007749539930662523,0.02646445248798791
2017-06-30,0.21802427556791487,-0.0012685468906034668,0.06984183945240956,0.9324743061016693,0.0062004615146677095,-0.04676469031239792,0.12034584491942707,-0.003340900251768278,0.00865225886239574,0.8145840022413249,0.0014480583244658566,0.10334071319931817,0.008111329163905103,-0.009734079813876972,0.026815241520134155,1.1723439783442167,0.005245378247844493,0.03174266475155588,0.026516594438331847,0.01316260925810942,-0.028443789548982325,-0.828605164587716,0.0006258740500254729,0.02566372960879604,-0.05350231220201274,0.002407327064905225,-0.006526404445050852,0.5808978737648705,0.0007367347753122388,0.03223067774502235
2017-09-30,0.21866472020577313,-0.0006047048926985511,0.0687530481317684,0.8648097221327864,0.006219942569674528,-0.04745809455188373,0.12056785815618135,-0.003110759882213686,0.00827253462178001,0.7912089500353892,0.001455157938927533,0.10316000380561588,0.008212614982699835,-0.009629116966123221,0.026643448947950996,1.1616353531901051,0.005248412723632175,0.03162423278159965,0.025989396396175573,0.012616111705513737,-0.02754213193163706,-0.7730961531465252,0.0006090228564340363,0.026094060567903355,-0.05377210430245563,0.0021276971356647563,-0.006068116903837873,0.6094101117347572,0.000728573840173993,0.03253130469469828
2017-12-31,0.2191069958352433,-0.0001246182862273654,0.07736759124366616,0.8202081613208106,0.006223632983515741,-0.04764471588360148,0.12024188664760034,-0.0034675501288285396,0.0016018829344784154,0.8242191071249216,0.0014515089535956523,0.10320796428930132,0.008181423162924471,-0.009662870619086874,0.026045586683985662,1.1647748002394793,0.0052481780762019675,0.031640149145414666,0.02636630012862963,0.013028623300893544,-0.019832480922285123,-0.8112631623612713,0.0006132318687838842,0.02603771558189652,-0.053969539689541435,0.0019136196492150258,-0.009891296723922697,0.6293071367587031,0.0007269864837821976,0.032620978194844774
2018-03-31,0.2189571434613231,-0.0002962406321426291,0.07083254426976458,0.8344966850998599,0.006228300599490111,-0.04909471496451484,0.12025317206219793,-0.003454381786953251,0.0021149334168575552,0.8231260099341288,0.0014511998400787833,0.1033268608692961,0.007996576283829023,-0.009873158530245858,0.018093176503555228,1.1822967125537223,0.00525412485513028,0.029902068070850562,0.026299037470273682,0.012950149546916052,-0.022889245113516782,-0.8047489074659441,0.0006150766955439558,0.025329577374374024,-0.05418988186048691,0.00166187373410688,-0.019453050756333842,0.6502727533972729,0.0007339340145333727,0.030510918946580926
2018-06-30,0.21905640447058636,-0.00018550289394497776,0.07363558450041041,0.8246899989150444,0.006226255872813462,-0.046870550402023474,0.12057743364227248,-0.0030878181472109114,0.011465589378314597,0.7907830371803384,0.0014458327469634284,0.11090917648882936,0.007674317919271645,-0.010230956474285744,0.0090509695091806,1.2140140508382617,0.005261139523665292,0.022780514333012612,0.026046166215280078,0.01266431897090719,-0.030179840485439476,-0.7795283355963533,0.0006192717695667154,0.019418780464381342,-0.05423085031331797,0.0016162469706262421,-0.020607250555880727,0.6543148615737422,0.0007347956680819476,0.029597544778533807
2018-09-30,0.21914952707879345,-6.35192500349662e-05,0.08105033395283266,0.8167468972567092,0.006203354319802552,-0.030903906841344815,0.12050225792584239,-0.0031939799975524647,0.004723493619441225,0.7974215065452022,0.0014657612602670235,0.09631417094740079,0.007572492529302544,-0.010361281668433227,0.0012306014035802454,1.2226077465763538,0.005285574993142126,0.005974327787414298,0.026060594589833716,0.01268468102047748,-0.028887218547038282,-0.7808020608342041,0.0006154493097228893,0.022216884758027033,-0.05425879090957277,0.001579957675415089,-0.02280261312626794,0.6566888132627811,0.0007416058951874244,0.02487352276614447
2018-12-31,0.21766586662311693,-0.0017002748470663982,0.06051723409260905,0.9643081765402968,0.006214454508541411,-0.03997712251338374,0.11978881224415583,-0.003988436254721058,-0.005317522169386824,0.868923099489475,0.0014680584606059388,0.09203656257948818,0.007698548368775791,-0.010222716866703419,0.0029663589801233767,1.2101110431791116,0.005284469628830414,0.006750859694448255,0.026026234071476185,0.012646421575616892,-0.029370732168906996,-0.777358617749238,0.0006155612762242991,0.0220108397099378,-0.05394622801513622,0.0019243331656862957,-0.01848492141221197,0.625637429141154,0.0007391193703087151,0.026790001447471692
2019-03-31,0.21979894375238274,0.0005178332148257743,0.017331164817382533,0.7379439003893438,0.0062126019234993125,-0.003197689011823733,0.11982961744086237,-0.003945837944900221,-0.006167924345825185,0.8645974630606658,0.0014681047938232322,0.09276099566823877,0.006585270436421605,-0.011378671615187168,0.02530439941430225,1.3282516784519447,0.005286075091044295,-0.012274497449770863,0.025764163774633256,0.012372843563570815,-0.023910469354475855,-0.74957690440257,0.0006152686911158143,0.01735942447349255,-0.05477830581300152,0.001059538062202258,-0.0016939837412204598,0.713939848546769,0.0007400188818887656,0.012489784503811358
2019-06-30,0.2199028027643262,0.0006602671269259158,0.02411459011387574,0.7302026999804421,0.006188979478364534,0.0011207656589810324,0.11974596555719705,-0.004070253011318557,-0.012609270153744521,0.871105283478873,0.0014887463032167705,0.0888103084868151,0.006540287253293405,-0.011438802660482627,0.022516464799868515,1.3315595339973778,0.0052960313566625256,-0.014072005422753223,0.02579431431853865,0.012417655125277738,-0.021592112332765884,-0.7519216574420005,0.0006078338153122908,0.018781782863983562,-0.05483608856607873,0.0009810345255324047,-0.005396312832988938,0.718225403817142,0.0007530317050662372,0.01012196775230928
2019-09-30,0.21988884913989704,0.0006448474785027201,0.024092262740772544,0.7315826933392757,0.00618925299631886,0.0012059405482348056,0.11906051712438895,-0.004835592533323215,-0.013655752467740617,0.9396617654032131,0.0014993762812780921,0.09307958225446744,0.006952670050678753,-0.010984919366084703,0.023185783918598674,1.2909596812693476,0.005287440867740642,-0.016571365142585927,0.026004216089069044,0.012652003907899756,-0.021271520805703742,-0.7729137650409539,0.000604570810039605,0.01747463614021623,-0.05443644497920696,0.0014220366682061703,-0.004753465152808036,0.6787645227937695,0.000745016960565765,0.0076887240383642546
2019-12-31,0.2210035881695293,0.001901674578705461,0.035143185660241945,0.6239660125338706,0.006154638626739843,-0.011311532667077795,0.11935782149645896,-0.00449549913367927,-0.010572602164299547,0.9105175554542108,0.0014912685888771007,0.08969242949678356,0.006701060255232576,-0.011267068042303182,0.020727718897969045,1.315107179002614,0.005295529466657806,-0.013759805354279474,0.025764911424218412,0.012378287536684587,-0.023752234100183303,-0.7494577539715732,0.000611105288338293,0.020200670749552205,-0.05461761296706903,0.0012181714488150829,-0.006539918244987152,0.6962177358032197,0.0007507159958819807,0.009719479711365143
2020-03-31,0.21917182950220349,-0.00019029330076517436,0.005135625376026337,0.799679127490006,0.006268477279751762,-0.03327795537590896,0.11838583940696697,-0.005628861947450023,-0.027311347798351725,1.0055513680723402,0.0015489772641658721,0.07681775661779289,0.004721984026639184,-0.013510674872807023,-0.011171937674387839,1.503627644446073,0.005419916975801295,-0.036710465363536074,0.02538478425951544,0.011935119248985368,-0.030295690902717085,-0.7122968768748579,0.0006336850627347722,0.015169745575102768,-0.054940162663725055,0.0008507790738146925,-0.011792772349327225,0.7270810435472854,0.0007708473393853095,0.005898144555965604
2020-06-30,0.22193421166089836,0.0027049053496970934,-0.0037453387264497462,0.5136337686522843,0.006411006540139763,-0.12613133671651408,0.12104496828786347,-0.0028504741766128615,-0.03591650142988576,0.7309256530430934,0.0016913350836831637,-0.012948759138358806,0.0019286089729419254,-0.0164402598943201,-0.0022096214348429886,1.79293421952318,0.00527759297347228,0.05706912144720992,0.02588189663256032,0.012454542519434907,-0.03190428582378454,-0.7636387295067527,0.0006602900101677164,-0.0016109493187383699,-0.05575134931598107,3.685218464237345e-07,-0.009186762076959865,0.8110884508591746,0.0007291826809721065,0.033152761636225464
2020-09-30,0.2221976926267575,0.003044434252688014,0.03213733766318791,0.492715425143751,0.0063860681868152065,-0.14539491325629564,0.12092057726358003,-0.0030186139292386494,-0.0546872283017565,0.7412373545309654,0.001703477185788254,-0.00331848429070055,0.00169086625336782,-0.016741710376634873,-0.033508728745901106,1.8115341554693987,0.005299793400231046,0.07412928886174645,0.025993198800948258,0.012604931795879987,-0.01512310332511296,-0.7728621910994593,0.0006494273971140125,-0.010223732613862932,-0.05583869739581551,-0.0001115319729791585,-0.020936750711081913,0.8179863573794606,0.0007374108039261806,0.03949560505469352
2020-12-31,0.22352990962911848,0.004473522838356619,0.05671482513137815,0.3564691268478106,0.006345915819273468,-0.1597994682408617,0.12279790286354429,-0.0009841521464024868,-0.0206090279216516,0.5468575063929122,0.0016534926405082887,-0.023100233303147137,0.0023710295598067363,-0.016014943373367917,-0.020894925793067808,1.7423092603929569,0.005278595224972109,0.06670727559708489,0.025297880975813772,0.011851471139522292,-0.027746548003534818,-0.7008747951910212,0.0006679631964899988,-0.002895579274253034,-0.05575429557382469,-2.1119007705589563e-05,-0.019376669300185976,0.8093693622033447,0.0007348349145366453,0.038579988604714455
2021-03-31,0.22363635908200782,0.004591435304358244,0.06355734475363572,0.346002382773275,0.0063436927949229865,-0.1637247641543283,0.1233883413489353,-0.0003216788026560017,0.018416891070388318,0.48784566914514654,0.0016443415038272468,-0.045495951621924484,0.0034890597598100535,-0.01478267950983254,0.05032761244872464,1.6330807499926263,0.005253408005338297,0.025851865331303337,0.02541861256333637,0.011986919594039058,-0.019768543462067814,-0.7129400008226261,0.0006660861576939418,-0.00747388131672753,-0.055359174571098624,0.00041577568687163055,0.005938421169999805,0.7706070880292827,0.0007263445700160135,0.024058031606863886
2021-06-30,0.22362769592865317,0.004586752740308313,0.0719142447221316,0.34742562735770266,0.00635147613813799,-0.1683131726935886,0.12340126709662264,-0.00031511019480039344,0.001779528368199661,0.4853879590835323,0.0016284833583947108,-0.03633006333314527,0.0035019862580692672,-0.014775604043804489,0.03875042228633471,1.6310243042425014,0.005242726834536499,0.03220117019853921,0.025411323167784886,0.011983212347656135,-0.010413509131813587,-0.7115562547524377,0.0006750016694365426,-0.012627630333598372,-0.05535573264671381,0.0004176451001303388,0.0027097503943829837,0.7700486002903082,0.0007233475295190978,0.02583002217238602
2021-09-30,0.2234759820984553,0.004414515414208443,0.060078084454100185,0.362027685995623,0.00633487175997996,-0.16213202736267726,0.1232167730708653,-0.0005233150882837271,-0.011942778778394727,0.503042999802745,0.0016086869227375051,-0.029170977393798432,0.0035875434330927838,-0.014678277339141687,0.04553975694577715,1.6227789766486111,0.005252162110443081,0.028654667387501106,0.02549305058958384,0.012075447525066623,-0.00433252756436342,-0.7193775718345096,0.0006837723345431557,-0.015800178414655572,-0.05537907412556581,0.00039112658326904444,0.0008775460105865191,0.7722962952665665,0.0007207859623487657,0.026786941563862906
2021-12-31,0.22378507478573112,0.00476527883552905,0.06634747473605855,0.3321221153935059,0.006352125820299234,-0.16697484695305026,0.12283130434717374,-0.0009620793988497684,-0.01971834423469955,0.5401644727209931,0.0015862661693469863,-0.023161831440608,0.0037496975757421304,-0.014494476020879889,0.04883827689158331,1.6070746630631767,0.0052611069633881,0.026107423712495973,0.026283662154983442,0.012975348626658305,0.011615784666366763,-0.795518982750824,0.0007297403077542987,-0.02812540083320294,-0.05512568275541098,0.0006785611500045288,0.006022276081283802,0.7477704493356097,0.0007348686707277034,0.022813247706286482
2022-03-31,0.22337374555139383,0.004264750904185146,0.053945329129015195,0.36858410169778383,0.006308196404331868,-0.1505864997313794,0.12264407933888563,-0.001190246382197734,-0.02549996662323572,0.5565686050080055,0.0015655759706992933,-0.015557928263669937,0.004336572298203089,-0.01378084485717708,0.06640336302340201,1.55489087163224,0.0053231224125391665,0.002861992039415584,0.02611634686981086,0.012771447324187779,0.006450100179590501,-0.7808576230604217,0.0007112559954250644,-0.021331292870320595,-0.05453892461307779,0.001392386345432032,0.02366610551570363,0.6956971947227981,0.0007972906468362532,-0.0005142924136097252
2022-06-30,0.22528658080879396,0.0060425010587095256,-0.05459899215347494,0.1453803707157723,0.006232553532200906,-0.1091815614989186,0.12254532035808664,-0.0012823477688165517,-0.019762087655174395,0.5680957703205306,0.0015694680774446744,-0.017744640154649154,0.003917400332738946,-0.014169933440435843,0.09002526497237255,1.603794070062614,0.00533969700116301,-0.006151532949709046,0.025721497000119935,0.012403225833532322,0.02938573786187549,-0.7347707820130684,0.000726817982624052,-0.030072157437037363,-0.05483818536637189,0.001114382266013622,0.04060439569043364,0.7306151053246417,0.0008091251658296511,-0.006976241388022174
2022-09-30,0.22525578242408245,0.005936904405555107,-0.06772496000706427,0.141604943613788,0.006191301894824216,-0.09969508526835039,0.12255573140890498,-0.001255053933577243,-0.016801484133276715,0.5686935070879994,0.001579056794796699,-0.01991916640918168,0.0039012082602918672,-0.014233176368895036,0.08176462294867615,1.6011779813625668,0.005313995396605606,-0.0002130373550847375,0.025681924228028494,0.012299302142464583,0.018100990667333654,-0.7370570377572082,0.0006902783998004291,-0.021784774821021827,-0.054866091335006695,0.0010143962384476398,0.027953420954783818,0.7268430102306382,0.0007695111114517858,0.0021492620952403728
2022-12-31,0.22539511549433108,0.0061046281778601025,-0.06950777096974071,0.12903312698474023,0.006191553321360904,-0.10096985158571282,0.12233924284590308,-0.0015194432808409851,-0.01393844953776551,0.5883338967702952,0.001577948677561958,-0.017911972907225588,0.00524208008990609,-0.012627244702839205,0.06478976439460284,1.4804931818797684,0.005315211345383255,-0.012436695630195711,0.026597980767599148,0.013417918708679921,0.0059897153724598065,-0.820161442242211,0.0006949374269239893,-0.030276963040332363,-0.05347536338315827,0.0026854458017285844,0.010227612108829998,0.6014686729345569,0.0007715540472709098,-0.010557474938599634
2023-03-31,0.22566216878452636,0.006487606008621202,-0.06885334786216457,0.11093498536950029,0.006152074147435234,-0.10666281671661654,0.12218570380187727,-0.001752476695208535,-0.014465110429834577,0.5991170939542668,0.0016011162207028083,-0.014330768768143647,0.004460386365270566,-0.013727239352884677,0.06310261153921604,1.5328149374349396,0.005429664008429424,0.003752738548412557,0.026596002375025674,0.013414917403413244,0.005982946705183294,-0.8200225364306121,0.0006952359191790293,-0.030230853676784696,-0.05398014217228462,0.001966516954889559,0.009045131901402662,0.6355239707982436,0.0008459247768317517,9.026187314121322e-05
2023-06-30,0.22591534255842372,0.006915989864427929,-0.06501757350332805,0.10014131322333242,0.006077047428301332,-0.11552052124925938,0.12210813730975707,-0.0018967062263534429,-0.015834783318402327,0.6026794759843593,0.0016254168534236264,-0.011260775785702363,0.004127417399907656,-0.014273355492666897,0.058306310709266326,1.5466598798614875,0.005526344686763984,0.014947124692965696,0.02666689093132464,0.013546627464489756,0.007233101379135389,-0.8232762768605741,0.0006730363130194257,-0.03303361810951529,-0.05427286481915374,0.001476808123008166,0.004690938307234748,0.6478906155103097,0.0009320361661581746,0.010183651394596207
2023-09-30,0.22569547306015825,0.006521444486478109,-0.06838422139065149,0.10730585423305211,0.006160158980740128,-0.10686346081224313,0.12200797846158143,-0.0020974478322833795,-0.01762109545151996,0.6063085662902984,0.0016660928404967656,-0.006742125466956203,0.004353973023744791,-0.0138813022814764,0.06160782876388279,1.5395364613788978,0.005442828487493628,0.006408457072288082,0.026791946410493723,0.013797038664391114,0.009460574891955821,-0.8278035808874933,0.0006222772429283397,-0.038668969546855676,-0.054397185088242504,0.0012566558489901171,0.002821422314697645,0.6518893540436571,0.0009786041930064063,0.015000945162583865
2023-12-31,0.22532297988550298,0.006382054551197331,-0.036256164540698625,0.1709675328063959,0.0060360549442165295,-0.12454912993923854,0.12189369397507749,-0.002138460386711334,-0.008355560662188186,0.6241263348312942,0.0016326685004586492,-0.011827098109217322,0.004134150288575699,-0.013965042288250852,0.08105264621446522,1.5784199030052226,0.005366137173857045,-0.004306989388723691,0.027012382656495384,0.013876166208881399,-0.008418626148584874,-0.8621948668801075,0.0006868143230285435,-0.02885653843874312,-0.05435868616086859,0.0012711531028945853,-0.000528907647296214,0.6452283613963811,0.000991645201768472,0.016845932666526873
2024-03-31,0.22581104279384323,0.007084205924876728,-0.04261982056201313,0.13817616105283803,0.005953820314337351,-0.13544067411922187,0.12134482109248912,-0.002967758379447819,-0.0005074332578380691,0.6630420113454987,0.0017237160235845698,0.0011622484038431389,0.004217075072834336,-0.013847765352844273,0.08000436302940069,1.5729549702524903,0.0053521379079780615,-0.006122218803253177,0.026918640320045678,0.013734584655911415,-0.007079261601237066,-0.8555511834724214,0.0007023677224994166,-0.02663917452227817,-0.054528676732866634,0.00102810304466048,0.0016627841625429882,0.6565703846594755,0.0010203114592576168,0.020612897297200096
2024-06-30,0.22580468662930514,0.0071151206856760315,-0.03948022951120059,0.14251528159318666,0.005935680661836901,-0.1382393556963602,0.12139454742684351,-0.003089095811526573,-0.013895907867431157,0.6450046086534007,0.0017951019407264,0.012926623734643799,0.004231464961736928,-0.013951736730288933,0.06971440848733915,1.5586201371769048,0.0054130638397739345,0.0030952719453187106,0.02688905442936558,0.013807077735383052,0.0009138121521809157,-0.8447801953854299,0.0006597185699265049,-0.03366347015261292,-0.054509447218953525,0.0009219321656387729,-0.009018046272274902,0.641765759337441,0.0010825797509520856,0.030150799473790006
2024-09-30,0.22588329768021156,0.00726647380124148,-0.037186574989701855,0.14098289095060215,0.005905330332763031,-0.1435776628922323,0.12147564656648403,-0.0029155336331752155,-0.011264425914301778,0.6430921674269234,0.0017622720992687916,0.006716510203941497,0.00429462911428828,-0.013834382150827,0.07149398283337481,1.5574705272490725,0.005389116422741154,-0.0010282475990916365,0.026894081804207732,0.013817827751266868,0.0010767955712818556,-0.8448985745585714,0.000657684080255389,-0.034048053869816075,-0.05449771203224806,0.0009442355704263147,-0.008679985446088619,0.641542574282158,0.0010780784537780409,0.029365262051324236
2024-12-31,0.22589391157951574,0.00728188198230541,-0.03725775105145433,0.1402852366799343,0.005903399198118692,-0.143921056317313,0.12146574565816978,-0.0029307130869104326,-0.011193735949845697,0.6437776346084607,0.0017640779485285137,0.007062299981891823,0.00430552017350595,-0.013818864975465054,0.07142246517044415,1.5567676886576598,0.005387141972011141,-0.0013719183549369672,0.026735044408054794,0.013574108053707633,0.0022116954776209715,-0.8338924103600072,0.0006866928282044985,-0.02849724497555836,-0.05463241144610044,0.0007500150311378601,-0.007783560658683533,0.6503378897471168,0.0011025570565378706,0.033683732823372455
2025-03-31,0.2256923027311439,0.006942721289427748,-0.043612714654264716,0.14897378756189628,0.005928611187938192,-0.12773201811492121,0.12129492256580897,-0.003236465986139398,-0.017282760849163335,0.6513697745609259,0.001784030314080587,0.022145634899412,0.004541208248050541,-0.013430755898112772,0.07855150790853814,1.5467364893341822,0.005357216012416464,-0.019709003750127966,0.026726038777398143,0.013557997015736048,0.0018910134947764644,-0.833492239440541,0.0006877454988141282,-0.027702691894597512,-0.05465571271851004,0.0007111181051481274,-0.008507133214980957,0.6513376337416557,0.0011054881019112387,0.03553344387468198
2025-06-30,0.22592787046941132,0.007293303923766372,-0.0399716078233375,0.13436402352906918,0.005906993236651957,-0.14211489958437618,0.12120945101650188,-0.0033690337851347155,-0.018695784793337986,0.6568663714777594,0.0017913798760498727,0.02767984285928215,0.0043191213166424245,-0.013756522894612159,0.0751955521547899,1.5603256928387996,0.005377915324733875,-0.006411383109961321,0.026544959726030135,0.013277231724220469,-0.0011009381544742638,-0.8218503170018437,0.0007033270930041045,-0.015983719721015862,-0.05462435879005483,0.0007575370377210947,-0.008026463325625389,0.6494024623476065,0.0011025937276525728,0.033632623142509796
2025-09-30,0.2261456896917987,0.007572147601831437,-0.0362717216247893,0.11644339737876602,0.00589286827769647,-0.15235343160708198,0.12130836218203463,-0.0032392063428559052,-0.016926934681270007,0.6485217894859213,0.0017854348465358976,0.022835092860204922,0.004412716293705956,-0.013637773972636043,0.07675854992713665,1.5526973208785995,0.005371725695370365,-0.010751805425891086,0.026369900878707154,0.013047500065414441,-0.004230194754422534,-0.8070843239145881,0.0007138571088376399,-0.0074121932331569496,-0.054728640008828246,0.0006244694906933442,-0.009786876075491698,0.6579532046499863,0.0011094061750550309,0.03851032403458751
2025-12-31,0.22609234897065683,0.00750801827250652,-0.03627908255630558,0.12124196140648166,0.0058950228636713555,-0.1505093872798397,0.12130137463181985,-0.0032477712247585815,-0.016928264462780597,0.6491593097204632,0.0017856900892425835,0.023086011557542446,0.004646366262259638,-0.013358789717949363,0.07678705155640671,1.5317925002712973,0.005362038515047666,-0.018731197215993402,0.0260853909733478,0.012698819511850824,-0.004284205534644494,-0.7811292149341357,0.0007242604070353617,0.0028010302093576618,-0.05492621904133267,0.0003875151930468432,-0.009812979331832934,0.6756929962697684,0.0011174655872728707,0.04531046361466953
2026-03-31,0.22556908904193962,0.006896787188613106,-0.03245279129822237,0.17008343124162967,0.00589586087884976,-0.13322151737776733,0.12157528464031976,-0.002923783778215553,-0.018954618073100966,0.62348214650787,0.0017863201952847934,0.01371757710701964,0.00532064539619397,-0.012574670533127278,0.07187426705682361,1.468987467468461,0.005360192888405233,-0.040763475890168564,0.026120791081010373,0.0127406874848124,-0.004546063606321613,-0.7844476577100689,0.0007243405503897695,0.0015906204097416979,-0.054529409193575545,0.0008502920968697216,-0.01271078330911457,0.6386815485816671,0.0011166633966622475,0.03225314795832828
2026-06-30,0.22499357745888218,0.006302996824833408,0.02652339833732745,0.23172303369657218,0.0058996303142148186,-0.15322468231530875,0.1216410503314659,-0.0028553787934993582,-0.025920160905585344,0.6164598394342424,0.0017859339117439988,0.01606233653139776,0.005607167181613646,-0.012279846382947355,0.04280616513083883,1.4382738423590673,0.00535828950275818,-0.03087907802366188,0.026717037920477537,0.013360820479013944,-0.0676784212785464,-0.8481153219827666,0.0007208331810994942,0.022843723309627157,-0.0543236237519775,0.0010624056034487844,-0.03372115048899051,0.6166341218865963,0.0011153073078422758,0.039385915900441576
