,MKT_RF,MKT_RF,MKT_RF,MKT_RF,MKT_RF,MKT_RF,SMB,SMB,SMB,SMB,SMB,SMB,HML,HML,HML,HML,HML,HML,RMW,RMW,RMW,RMW,RMW,RMW,CMA,CMA,CMA,CMA,CMA,CMA
,const,trend,OIL_WTI_LOGRET,POT_GDP_GROWTH,TERM_SPREAD_10Y3M,LIQUIDITY_PS,const,trend,OIL_WTI_LOGRET,POT_GDP_GROWTH,TERM_SPREAD_10Y3M,LIQUIDITY_PS,const,trend,OIL_WTI_LOGRET,POT_GDP_GROWTH,TERM_SPREAD_10Y3M,LIQUIDITY_PS,const,trend,OIL_WTI_LOGRET,POT_GDP_GROWTH,TERM_SPREAD_10Y3M,LIQUIDITY_PS,const,trend,OIL_WTI_LOGRET,POT_GDP_GROWTH,TERM_SPREAD_10Y3M,LIQUIDITY_PS
1975-03-31,0.20187425049087124,0.0027324261111128494,-0.1675256613391555,1.0698551322774479,0.005244357498217192,-0.16241908468664984,0.2130947745543217,0.013487306747537123,-0.11520876028477425,-1.4824949552255233,-0.0023587799535364834,0.4540265532421949,0.022560650906148158,-0.031207469268398964,0.027163031175016394,4.514973526642252,0.003622055312580228,0.08950655513769173,-0.020718775066613487,-0.0021671216341510886,0.16042549545386342,1.1313999464713667,0.0027572339887509956,-0.16899653024290612,-0.07779731688749524,-0.01555706368209268,0.1079500622107184,2.455408635388084,0.00338335211782,-0.00010375311011717042
1975-06-30,0.2583758965602241,0.003117231646567089,-0.1197994938360948,1.1361975409639404,0.005500560448150724,0.5135174254616595,0.20149257781610574,0.013314668329099591,-0.12500897715371093,-1.5097723872230242,-0.0024723789391418336,0.13902357388199638,0.008984541136659696,-0.031445119688720685,0.015695476971316957,4.4778572038771225,0.003465911414305709,-0.3461676388247826,-0.03879782253942493,-0.0021093049103059233,0.14515437137149445,1.13656250961016,0.002793131825946817,-0.04472400696967371,-0.08958471953821215,-0.015595257412554254,0.0979934044410737,2.4477062059437187,0.0033573188987814917,-0.061910781866051035
1975-09-30,0.32103281127336514,-0.022620043853662883,-0.0668740551125273,-2.5233357048884604,-0.01296985508366671,0.8283273655920644,0.2089799648404964,0.0144483898152577,-0.11868448376023191,-1.3467149267893876,-0.0016578089293620697,0.11780272176410403,0.05500736830298469,-0.0413741404121971,0.05457032949523079,3.0703271628811653,-0.003663853763482786,-0.06312948122751134,-0.07741964837612715,0.0039812785880002245,0.11253104342643049,1.998174430253836,0.0071636410157430806,-0.1534865324751221,-0.09164954920311748,-0.01646205551155684,0.09624927106960347,2.3237394423523194,0.0027340938923834336,-0.026123079311730257
1975-12-31,0.05591237085466624,0.3067523377578566,-0.2908176643377658,35.31091817870927,-0.2606271372889356,0.2928305658032264,0.3493595813130826,-0.15625651199514362,-0.00010774209206457219,-20.874019931862385,0.13099798023137177,0.2812526173752961,0.022809110914361497,0.013857421361123834,0.027372901945107685,9.465158760435244,-0.04263363990685032,-0.08763703433881335,-0.0459154001674342,-0.06045256515439157,0.13914225091628357,-5.401887566297391,0.05588040271381122,-0.0733061548147278,-0.17896450372551997,0.09315188996468639,0.02249552343619321,14.868464779912994,-0.08217066794637205,-0.11910767247700686
1976-03-31,3.119481457788342,3.044223089568087,2.2969372341789462,-358.4908722376832,-0.08316853064628742,0.6539993661121872,1.4111447269684059,0.826987623237928,0.8967676454828216,-155.17453416928606,0.16899240984218739,0.4405900403037169,2.295588432727399,2.095335347700384,1.9471585038153554,-280.10268629065035,0.058081679844590096,0.294270097671237,-1.0122350841752086,-0.9281386291179486,-0.6770947670906605,116.25730857399365,0.010860664083998004,-0.21226178712531502,1.3784142410554183,1.499243815481862,1.3379920445578366,-184.8744715551133,-0.0025565939092471765,0.15228171846539235
1976-06-30,2.675288773509549,2.3729216698012467,-0.1805442581940376,-279.12911303670967,-0.06365372895807346,0.4669303489065244,1.6163100321574149,0.8058735003781144,-1.4093518501265494,-151.183675886241,0.1645460391426316,0.4322703936771354,1.9659590967205733,1.5407296428275423,-1.0377369069412572,-205.87099609820473,0.04388012241609304,0.22688701563072974,-0.9894345253568582,-0.7903879853281542,0.43143438427680497,99.12620336532189,0.00965269210316498,-0.18414464193521232,1.2178408369781202,1.1621100718914223,-0.6671577893266379,-143.1836374481402,-0.0012352827329662644,0.12433187110337499
1976-09-30,2.093136121941253,1.8132478923210524,-0.1825495563898172,-212.06827197830054,-0.05074959590477922,0.32166898796379084,1.4140638436261965,0.6676262569056783,-1.2349963977838976,-127.62142995222965,0.14253916328549646,0.46230878936004105,1.4237046661939792,1.0886462507822359,-0.7565454359211871,-145.22290357371168,0.031509473263713735,0.17714073077506237,-0.8694211894531124,-0.6721421498691645,0.36956128392566145,84.39594911229882,0.00871035151222377,-0.16030235518990762,0.8050292395665684,0.8042012333563613,-0.5113833397920221,-97.40242663507566,-0.0052531697733378055,0.10532382239313975
1976-12-31,1.5574865738804697,1.3360317190714757,0.07280174594922145,-152.5645563358494,-0.04766857667274395,0.19349247644095663,0.6825282228378564,0.31088779415303364,0.24071423017075008,-55.210582977147716,0.04778924027489631,0.4075246539600177,0.8979551254448949,0.6816056262234292,-0.16247353278053756,-88.41892910653722,0.012972464382572902,0.11991536177485217,-0.5398658974442151,-0.44102343538346966,-0.11745391672395779,49.515597632289364,0.028333711547518278,-0.11683638296315954,0.47817097143585013,0.544367737830219,-0.132440130483438,-62.90440531491256,-0.01206844871775429,0.07415808629437397
1977-03-31,1.3123193809043152,1.0897864658646976,-0.06016145106217738,-124.2121080075551,-0.03802072537632934,0.1238740040274739,0.018445740739995387,-0.42033369135252574,0.26826081353447384,20.4154750659456,0.10778966204117113,0.2264652046731473,0.6838148083579165,0.481840470943894,-0.03644104342839202,-62.65903496345563,0.011665669903721627,0.08836281642883355,-0.42384102535807067,-0.3097830426412258,-0.14568113391505494,35.15366920390023,0.02025337341161417,-0.08486416204045713,0.3423500129774212,0.4123306539517725,-0.0678269941572575,-47.550612527486294,-0.00809787225104131,0.06011862301084854
1977-06-30,1.0597179376238381,0.8261846765012881,-0.0730410147055161,-94.46761791580303,-0.02530665796465731,0.04829266902771906,-0.1548251956072383,-0.6409172535611465,0.21187990427190204,41.479276980044546,0.13148701523389714,0.18936834527284852,0.5233450660189031,0.32227429606804947,0.025446708785289852,-42.958412759655864,0.01358657094470329,0.061424144285458906,-0.25342294844356705,-0.0871237270807414,-0.09377673664548505,14.105292813395709,-0.004467212616734283,-0.044931872699955536,0.23756876717871045,0.3091054409085141,-0.03199330828278252,-35.72904985421102,-0.004411639501759374,0.05022202627832768
1977-09-30,0.8992226613633656,0.6716894402476303,-0.10676688397126058,-76.43655067600696,-0.020081460996917468,0.0010790761211142141,-0.414130154546124,-0.8865578249333543,0.21843613903670903,72.20684787814345,0.1339023647473576,0.14094484324848292,0.4092074467908968,0.23227358396654285,0.03326341949352332,-30.84274299728083,0.010908291619652686,0.05558154360502353,-0.22757200623089985,-0.05661554746479708,-0.07972544026659607,10.189560004474812,-0.004411055678347363,-0.03839496705680555,0.16439009571004848,0.2432976542072046,-0.014602483903861471,-27.986427270455692,-0.0029591033908324634,0.04661470922177266
1977-12-31,0.7679175289969575,0.5341092119101872,-0.15560292816698046,-61.449968376526826,-0.011733247090515727,-0.042719324979370255,-0.8590451160503647,-1.1156352714452136,0.5729415916063191,122.38518031709862,0.06412974207119915,0.0811955069927616,0.32423302013788147,0.16139951366906702,0.0644282829002808,-21.168786851434056,0.008491867045298274,0.05261734351395636,-0.21084148130955666,-0.042409082778469616,-0.08089562770692657,7.524415007744172,-0.0015494315392520423,-0.03513988672768745,0.10783206435249328,0.18927078308723988,-0.014394690462000773,-22.014319821171696,-0.0004367719330058595,0.04056025489986122
1978-03-31,0.6680079691543754,0.4314191322561623,-0.2182830564980679,-50.80096267475706,-0.0038881289643018704,-0.07184968754055694,-0.9547935137089447,-1.1268154807100432,0.6087648213572482,134.75943643219148,0.0288585526694453,0.011732076702885827,0.2672961426337154,0.10631018912171589,0.12292502306799523,-13.48743687904418,0.00633982319246996,0.047626727372759185,-0.1740091319614271,-0.01870837888417519,-0.10855822809904495,2.4502004971215583,0.0052380632924813,-0.02547780590189447,0.056338629335637894,0.1384359735825085,0.03783470058922696,-15.474925909750311,-0.0008676944367425709,0.03614698701328707
1978-06-30,0.5707323600767696,0.3332995343352619,-0.18555561232575038,-38.71663679621973,-0.002425531577838244,-0.09787781336928103,-0.9294352439690887,-1.1080301571053224,0.5991397825914623,132.98097546601292,0.026835310196074075,0.011458703121152214,0.21824084070359717,0.07110966455182782,0.10252554513723236,-8.910160384416159,0.005686382760112164,0.04334700374073714,-0.16747859973284662,-0.009787986486044219,-0.098832709683802,1.1131902704031287,0.005889555431526215,-0.024125167969525522,0.0195781020446862,0.10482146464851623,0.04385836537011175,-11.599497628416728,0.00015509363205356641,0.03365860632314413
1978-09-30,0.49579493407561576,0.25283505315898,-0.136168696095725,-28.662738786120343,-0.0015330290614305655,-0.10479286561171501,-0.8190863390840066,-1.015891342835443,0.5811596051807346,121.43956833649888,0.026262256071034794,0.0069943452913813625,0.18275749407554565,0.04458769064385671,0.09308757642277307,-5.436590828494554,0.005153629095892544,0.039816010264361566,-0.17355571933812058,-0.01078982453101414,-0.07913686990640673,1.4432241712768341,0.005229664622690287,-0.02337426059764502,-0.008869768187332927,0.0776771302429922,0.05482190414734616,-8.41424823901718,0.000847055770648746,0.033256945655650065
1978-12-31,0.4359052503562876,0.20052580250286728,-0.1788307143562245,-22.959946589813068,0.0013092209001761834,-0.13518127127580265,-0.9352811344791383,-1.2093202598247446,0.6009409385260333,134.88167640097925,0.06214138419124336,0.058840915500413114,0.15150900079342705,0.025266639163557446,0.06612183835385951,-2.9774541492288336,0.0048298498750743366,0.031849851941292875,-0.17947629943238855,-0.009311266116690885,-0.05339867437755423,1.9385352819233153,0.003006766071516783,-0.022350133348138398,-0.03308700937233412,0.05760068369150839,0.04777440199816536,-6.184546831848169,0.0016514792258123618,0.028212712791390235
1979-03-31,0.3929672937842511,0.15687180501640582,-0.16533201922664162,-17.606838694555737,0.0020502093700562538,-0.1467184283089642,-0.8079620406960912,-1.073151643624374,0.5834622087518484,121.5668227286478,0.049166652801049565,0.048980888817292983,0.13584485899592685,0.010508513248017173,0.07577973594991444,-0.9970440590428105,0.004504480050459177,0.03508861545161085,-0.18382570394909883,-0.014082722159699437,-0.05261482857875133,1.9650565507827271,0.004888106369642913,-0.02413231405281019,-0.04815488796923491,0.0412356229754737,0.06439109061023063,-4.182825951766486,0.00188021309127087,0.031053166736372952
1979-06-30,0.35908758255786305,0.12285549502475017,-0.1572037284032742,-13.471316044563777,0.002725554336166825,-0.15708311341582698,-0.7708816285040045,-1.0444023586393447,0.5741832512556675,118.32358287032847,0.04776827515630473,0.050716337922577154,0.12744038324206058,-0.00040227190193501544,0.10003329740509213,0.4966847021059655,0.004271795711251924,0.03563335989673501,-0.18784480469670964,-0.017988341661276393,-0.05744797684754241,2.0440502491627797,0.006251255919379703,-0.020938345272065697,-0.06287897342032742,0.028633617240093123,0.06104835316949868,-2.7431594855633117,0.002274732982766749,0.030276992749656437
1979-09-30,0.33664963287786387,0.09676454979558244,-0.11292412090897926,-10.210351687082953,0.0030850230376375065,-0.16621425499565043,-0.7557165430978798,-1.0468708896905026,0.4701316605995355,118.21231209542967,0.05004750732717149,0.03714099869751383,0.11392911931656487,-0.008486636090268035,0.07484871847890309,1.533117450502656,0.004089373188316069,0.03586546352849449,-0.1875385331201776,-0.0146361831513022,-0.04180474145717818,1.8311637063793933,0.005549885438167193,-0.02159564482815529,-0.0756215131727311,0.018673024410330998,0.04278413766080772,-1.6098854759206986,0.0025637077409085803,0.030115360328100523
1979-12-31,0.3161766456221175,0.07628049567292139,-0.09772558050754733,-7.736492943304734,0.003541114062894165,-0.1725615032993231,-0.7283737793215368,-1.0296888203791024,0.422212833949266,116.3222722450768,0.049384749090327563,0.026100320731921645,0.10127316672838113,-0.014646127469337997,-0.010148438711451158,2.3041493067322745,0.0039273701193104195,0.036649536460850805,-0.18649425923344623,-0.011097128656421216,-0.023847951484852657,1.5503308194370904,0.004988544703151224,-0.021789766914282277,-0.08572077265374298,0.010640242560864623,0.002650190356685192,-0.6803740230991009,0.002754018761316995,0.030085275795053656
1980-03-31,0.2938284087897174,0.059075575610030594,-0.16533575510458853,-5.7365934247754,0.003994935660502063,-0.16591642875757048,-0.4707765020596073,-0.7722567183065981,0.35901163584395224,88.39363380137267,0.03480766026195598,0.00616394888912028,0.0958632680269117,-0.01901307625603268,-0.0010430988946719816,2.8801188431870077,0.0038407824982033376,0.03899540299744444,-0.18879862913701995,-0.011300577230118384,-0.022629687340680965,1.6370000248509218,0.004781905444075401,-0.020799608918813533,-0.0904905848824339,0.004863545795831623,0.025405596990813836,0.014292999880924029,0.002891034961544016,0.028288838981730374
1980-06-30,0.2866687250339988,0.047543322576313087,-0.0965965027052064,-4.288741053830202,0.004222172098711521,-0.16992252727896515,-0.07272264397897055,-0.3720831058035814,0.21308172695843416,44.842125488336634,0.013153675249303417,0.06506673854126546,0.09206584965948504,-0.02223376747293071,0.006565537467665736,3.306521166764797,0.0037785706289137798,0.037746748222115344,-0.19204253692784093,-0.012598868593769205,-0.0248728324396386,1.830106199424582,0.004676221910710836,-0.021999261023483197,-0.09605006250185555,0.00015367284673342696,0.019760320883227205,0.5633465088138017,0.003003531745103254,0.027156169994238772
1980-09-30,0.2807981221940139,0.038058653605349727,-0.05029206605885532,-3.11963420620572,0.00449508353968225,-0.1766121294994183,0.1056334153071562,-0.20348460768288765,0.17126776828404,26.003406764595212,0.0061308617690178716,0.07118330010655462,0.08165911125018865,-0.024857562699332352,-0.07810702386520817,3.5952493190975616,0.003641563810079928,0.040358640393442925,-0.1866742791122699,-0.007765524180324525,0.005378754475850334,1.3677063295220508,0.004263053119810706,-0.022337893233122744,-0.10362653816849302,-0.003632117004164062,-0.021155558954564863,0.9851365033844262,0.0030356692875486996,0.02864853751297192
1980-12-31,0.27563598290882285,0.030632090381607704,-0.029732836623174858,-2.204364766282128,0.00469030877494897,-0.1799360653338775,0.20853132512198091,-0.1083216406044339,0.10640247078982581,15.575813753371659,0.0014752927322640155,0.06661048871596974,0.07275306329563884,-0.026841801326582836,-0.13569493076132044,3.8023350223357104,0.0035313878173827582,0.03851396417629907,-0.18108400842683414,-0.002647448487898413,0.026021162672551723,0.8810310336528057,0.0038069733686588543,-0.021506093457825913,-0.11123792443825892,-0.006700947694622622,-0.05933205609000948,1.3110297517683893,0.003056570650660422,0.027516288997267154
1981-03-31,0.270048915623968,0.024688202314147416,-0.024641746443845508,-1.4828632878911803,0.0048226661313855185,-0.17773042345881682,0.26810626426235845,-0.05412950052940335,0.06845860621049185,9.692311424293344,-0.0016866173522130194,0.08886128484627734,0.07598373844454678,-0.027981442268604256,-0.07977131167128969,3.9910220785002317,0.003556363440567376,0.03777283562508533,-0.18649011851351388,-0.005423835935047542,0.01061738512419666,1.2033887758222253,0.003837538471165153,-0.02628104047293645,-0.1103135742705031,-0.008644549538852155,-0.022904541430638498,1.565030384830588,0.003131150153902868,0.02828753415190025
1981-06-30,0.2632922497385072,0.019855817053660407,-0.046528854307784,-0.9174880147795643,0.0049183822820609395,-0.18063081932017455,0.29861459357456077,-0.030218671775265996,0.06380784671965092,6.999795055244538,-0.002877588991892497,0.10641601027246902,0.07886787851784019,-0.02880766294913654,-0.03269593862379311,4.1326218961693915,0.0035794563556656085,0.03830789595319483,-0.1880488038377346,-0.005408712437409398,0.006492967220227047,1.2345755486621717,0.0037007656631954594,-0.02733686823228528,-0.11051909549386192,-0.010203556843238079,-0.005038112655796359,1.7604969766615621,0.0031826873325909353,0.026818483871549642
1981-09-30,0.2509130017674523,0.015746211803882082,-0.1363649416515738,-0.49809725609525635,0.0049435492746267564,-0.1967082142216164,0.29038204887949304,-0.045671782990826776,0.08701403255156928,8.457100986393453,-0.0016318992159276829,0.1100261302494065,0.08345557976452031,-0.029336545528578367,0.027015950387088074,4.248391669633746,0.0036173890968761585,0.04310044774379656,-0.1882665268036734,-0.004805535135825753,0.009366581635731282,1.2032687497783083,0.0035503602862943864,-0.02638352237637372,-0.1109389417662828,-0.011425032568378606,0.006817724081572149,1.9112005804149623,0.003221111197198992,0.025403572100551945
1981-12-31,0.24944336689380125,0.012926743847099924,-0.1223371837943383,-0.145214953937161,0.005022666781945594,-0.19121196983462305,0.2966340359827796,-0.04599748523472706,0.09010316184738286,8.399973153588743,-0.0015513367345615758,0.10640310956129685,0.08209838621161365,-0.029886792922122953,0.02105266161631255,4.3123082350976505,0.0036026161976510165,0.034838400004032745,-0.18719824929910148,-0.003961281526619238,0.022252748350376494,1.149743634333478,0.0034128370035403097,-0.020756616833432485,-0.11174268659075381,-0.012389684712482044,0.01045783221641533,2.025781140649185,0.0032452224095969404,0.021209243043992094
1982-03-31,0.2411075244785515,0.010456625291462466,-0.18590773608506223,0.09724876805665095,0.005004029350000736,-0.21351496557363608,0.3022973129635555,-0.04642083790608595,0.09030399309650242,8.37378243402335,-0.0015610179813049204,0.10089167044825972,0.08786770910209799,-0.030057849254233625,0.087617349529633,4.392087617402267,0.00366625973951085,0.0526970198180074,-0.19146583347813576,-0.0042755769123192094,-0.010752239326520491,1.1781228287933452,0.0032947488103578612,-0.034923712252306185,-0.108434792699137,-0.012994896957410833,0.05430354347693207,2.1330936074754736,0.0033074074187011,0.03255319282143031
1982-06-30,0.23194994421335918,0.008413966858036213,-0.23539084805110264,0.2737131935553261,0.004964423587685571,-0.23702910905440197,0.3133377051909963,-0.041812654371173,0.0862229864023148,7.826563129574761,-0.0018064094714884977,0.1005360825993071,0.08913775934430183,-0.030287492232997305,0.0999263252290258,4.4367735640250405,0.003678147689198561,0.054607912993189144,-0.1920452085815812,-0.004109040454041772,-0.009683117773381593,1.17738260234538,0.0032159392914922385,-0.03494793915395837,-0.10652741081336727,-0.01348642047592122,0.07478285967318735,2.213487145348364,0.003346543125508896,0.03797863279535625
1982-09-30,0.23595126053074864,0.007256058590726673,-0.178836309036735,0.46497734904247734,0.00506043303336405,-0.2149872981038591,0.32109828295474896,-0.03939674926278687,0.06353390744916523,7.549530422587288,-0.0021370766404724844,0.08321484559061647,0.08792811232561855,-0.030534968223385184,0.0921337956388904,4.459080784308592,0.0036626326551106045,0.0488066846368463,-0.19206390688811434,-0.003808527143202508,-0.008201174369537857,1.1632835336372314,0.0031413679576424635,-0.0340967970146996,-0.10736893268538786,-0.013956955661857978,0.07269066270079304,2.2646709340099234,0.0033507219546843703,0.03420273617907278
1982-12-31,0.241880615570142,0.00646734277218009,-0.1090226670781463,0.6292304683154764,0.005184948794317328,-0.1866643146875323,0.32974498279475967,-0.03806807472841103,0.0904695400299769,7.238301092699248,-0.00173870792292021,0.09853159520051818,0.08391198091137725,-0.03083884108585889,0.05242023875562399,4.458866818822308,0.0036042695295936764,0.031325051918389565,-0.1932897041140346,-0.003564170358059991,-0.02075453383851645,1.1411309245285572,0.003051038281613731,-0.03902402005598925,-0.10825390590796909,-0.01433212835173486,0.06920661956395197,2.303217194738636,0.003349767309087845,0.030407862774830548
1983-03-31,0.24489183156018024,0.005796045612752818,-0.08209812483294379,0.7487020841713152,0.005256110642735482,-0.17827328499973272,0.34905868776631344,-0.0278499916737785,0.10112409327181293,6.095647486365975,-0.0018860477784735012,0.08087307624376132,0.08433675192596024,-0.030932118406183515,0.06028377704452273,4.476852108628544,0.0036115781434543745,0.03271252333534317,-0.1961072844252441,-0.0036104179560904953,-0.03968128711645579,1.132252287005739,0.002965009402101872,-0.04353471274452383,-0.10679560102342582,-0.014538241760683279,0.08622512792204713,2.3449109773764123,0.003381522836184166,0.03381989449888365
1983-06-30,0.24904717124686793,0.005351832526230946,-0.049568923943499044,0.8526054727587709,0.005341717536070526,-0.1691860720677381,0.37144854403096556,-0.01463327518313497,0.09762717948923257,4.709770553450507,-0.0023797398819416257,0.049549995860825535,0.08059993444316953,-0.031166366135055443,0.03314018661832801,4.4673778724613635,0.003554508496762615,0.024287019011243444,-0.19768575609842998,-0.0035802020005639614,-0.04764338638903051,1.124289872309019,0.002901598116225476,-0.044679737519085536,-0.10740087486191947,-0.014768364296462581,0.08451856094784804,2.3677798121578126,0.0033799721074848446,0.03205430680984588
1983-09-30,0.24683612831168236,0.004780550487223124,-0.06715194108077319,0.9029547601534362,0.005323674678063591,-0.17387208489429673,0.37707299351288337,-0.014006069608882891,0.09541556974600661,4.565871082236347,-0.0024203395576890907,0.04748020355951724,0.08601703724509238,-0.030999044864948904,0.0887157837812476,4.507247364429652,0.0036423258620235247,0.045189189074722774,-0.19735456996849868,-0.00339427521386679,-0.0449128903133575,1.116538125027936,0.0028660771042479287,-0.0445293587062512,-0.10594069446504384,-0.014864779610350935,0.1032031235579003,2.396915519221829,0.0034107389955162514,0.03906904132688173
1983-12-31,0.2444370584878814,0.004305890716785283,-0.08752587879101348,0.9381351491825427,0.005297818807787578,-0.18144110541053435,0.3825274530257057,-0.012957175106032205,0.0842695856109229,4.393578427859217,-0.0025909998967529268,0.022726605112922973,0.0884205526526561,-0.03094029957767221,0.11162140581373955,4.527782698990557,0.0036840082058863057,0.05828358238313448,-0.19759660099575851,-0.003260191414237743,-0.04722277603336235,1.1065813874239248,0.0028250414965252366,-0.049944079584290896,-0.10440483399160631,-0.014920072158958396,0.12018890699016585,2.4222621066810355,0.0034439233457642274,0.05055871513895338
1984-03-31,0.2395346459195277,0.0037993097974281954,-0.12826786242854496,0.9467351152419975,0.005220607502260859,-0.20390270973161811,0.3869021962940618,-0.012828764418342187,0.08193072891706987,4.295757212000252,-0.0026479499991255567,0.009698294949364167,0.09427266211876625,-0.030712585367850244,0.1601992862077482,4.568372302489428,0.0037922711517255777,0.08859452264403186,-0.19884151861140065,-0.003208545209365642,-0.05535756699116359,1.092956610854329,0.0027701203200059654,-0.05926152669306022,-0.10177799244538993,-0.014896466860422758,0.14241003767910587,2.4511499977702336,0.003498553047941984,0.0656723590477601
1984-06-30,0.23670373577233933,0.0034452614548557835,-0.15593686783239813,0.9589722017270677,0.005175789097435032,-0.22014405597266296,0.3929119321686633,-0.011229063403498007,0.07385865100480746,4.0538716556986865,-0.0027746533311384615,-0.004775945771137102,0.0922073073148311,-0.030828586253221928,0.142168153482957,4.559207737003124,0.0037550333256049606,0.07684090757698657,-0.1958791678196451,-0.002980122952508258,-0.02558209308289567,1.1077131616869969,0.0028056369150115065,-0.0387781634308587,-0.1036811116872831,-0.015055688179997771,0.1261767456109715,2.4491498630089557,0.0034669967746560524,0.055077527787627284
1984-09-30,0.23766067570705982,0.0033165515000946116,-0.14624364122222688,0.9888653549501016,0.005204653876987573,-0.21024955002623108,0.39808544402657653,-0.009936882576855453,0.06646033323812384,3.8373416883581104,-0.00291894860089953,-0.017644064706816523,0.09291600860776544,-0.030808924909576953,0.1487933196280205,4.567031345485098,0.0037750325590165234,0.08261174816789998,-0.1943005206810754,-0.002819076550561458,-0.011449913381333335,1.1129039287308224,0.002816307631560029,-0.030198518135953083,-0.10505199347339224,-0.015174582869764525,0.11483842668599009,2.448268352608769,0.0034443891539200164,0.0477374840537242
1984-12-31,0.23627104109025693,0.0031132929735204697,-0.15766369785734477,0.9978706770710719,0.005181335921500021,-0.21667710204132007,0.4028756015281476,-0.008703338957592927,0.05809932006584145,3.5919260924590377,-0.002982559100919708,-0.0310544440584498,0.09420668482838658,-0.030754429860555096,0.16005942661236655,4.578405029234468,0.003806435983581136,0.09191717517902656,-0.1931858053301693,-0.002690119588324366,-0.0016563125797300592,1.1156529471366152,0.002819653284044549,-0.024708605175802256,-0.10595677675775643,-0.01525937796419901,0.10747153493010875,2.4486413224984527,0.0034302685354868742,0.04309975773627503
1985-03-31,0.23742749950213482,0.003064306131416492,-0.148475734983468,1.0200952540687158,0.005212308813883242,-0.20701975002147152,0.40890650582856936,-0.007818389821632625,0.061003700451173926,3.4487652826268773,-0.0029620669636894726,-0.021908935269223037,0.09360712473215127,-0.03078726096376957,0.15076281490604282,4.576691979514441,0.003799337253451073,0.08841923543927738,-0.192983356299761,-0.0026172454902181194,0.0005021775767994029,1.1127691307145573,0.002805664930124197,-0.025100800768063876,-0.10593643647122084,-0.015289438794637802,0.1063512099203496,2.4539238257538734,0.0034359619540423173,0.04414300744193957
1985-06-30,0.23937072770698448,0.0030807310908035936,-0.1284236389067719,1.0450603863192256,0.005263321922939528,-0.19046637330569216,0.41460803918068,-0.006035060684834722,0.051985829029547875,3.1864743300366998,-0.00308131684493253,-0.02934322182020442,0.09277981140987322,-0.030828282737741682,0.14568215878432111,4.573123942299254,0.0037874294844735036,0.085014138525979,-0.19183052316019356,-0.0025071379568089463,0.012319610620160801,1.117942834330703,0.002819584173024384,-0.01740077908832776,-0.10807432543442189,-0.01542202256169747,0.08636241559898887,2.442790465246167,0.0033883826212226086,0.029127094905544493
1985-09-30,0.23578025310931416,0.002828768683853614,-0.15737246526276658,1.027492361594227,0.005174467891929498,-0.2178380478989831,0.4195040698586735,-0.005430112890293794,0.055120425510533894,3.0540107951393,-0.003075915807688213,-0.027585159677303003,0.09271019648023257,-0.030829184264708067,0.14388577709158665,4.574615933271347,0.003793408010524039,0.08699647985850567,-0.19192872526330199,-0.002466704141014918,0.011399213084747346,1.1138900021328866,0.0028026595560454045,-0.019897214150400452,-0.10755847280797838,-0.015412668318799155,0.09132983361845014,2.4498501914759006,0.0034058192731235403,0.0345937848155943
1985-12-31,0.2400934584973033,0.003008483262512684,-0.11798530455341948,1.0664664177165266,0.005291126273806703,-0.18272064442192495,0.4244408662498159,-0.004218161993873426,0.0495614438365958,2.852494720175356,-0.003151618731321283,-0.03229209005454291,0.08982737906111717,-0.030977811907651764,0.11859013591715445,4.555019367761808,0.003725505261358648,0.06630214283239784,-0.19170722065330065,-0.002416134529986289,0.013221079626995308,1.1127910381137243,0.002796589651376734,-0.019472789968434608,-0.11061156715769038,-0.0155893073284215,0.06399323813407107,2.4295710410956706,0.003327875863072882,0.01146879936572893
1986-03-31,0.24455437804319555,0.0032126641860007756,-0.08297790156731269,1.1058692561133772,0.00541202800350296,-0.14356570989697137,0.4289393906910357,-0.0035876978398305358,0.051108998334538525,2.710995264294116,-0.0031508626554168466,-0.03499742351556977,0.08878638366040073,-0.031029615797071693,0.1097686173622461,4.548667870505691,0.003704092390592834,0.05963352424935013,-0.19201068004542565,-0.002400272124245245,0.010717728386954098,1.1079829855894037,0.0027777141487077607,-0.02344105477787229,-0.1123242449663237,-0.01569345145575617,0.051524460688753965,2.4184386335335923,0.0032848052488236544,-0.0026133925674480564
1986-06-30,0.24361960774807348,0.00313111982290193,-0.09612068163383125,1.1028051766532414,0.005387581428339172,-0.1505236003069332,0.4360285220967044,-0.001321644229650306,0.02805247869294561,2.4633444402792315,-0.0032627495371364483,-0.015302088494999491,0.0919472291723422,-0.030852560274217653,0.09268329245497275,4.5741851340810245,0.003791942808859799,0.09050482914685136,-0.188234510533597,-0.002153766325949259,-0.005503616509631753,1.1340779626256992,0.0028682146836911853,0.010697556169157421,-0.1095460633443509,-0.01554936718677229,0.05190248190917633,2.441361898868964,0.0033608057670589256,0.02289070598990575
1986-09-30,0.23892150221965353,0.002841878776994695,-0.11392714370180636,1.068702147479222,0.005259712847458294,-0.19833508915423978,0.43992969914183516,-0.000660279608263677,0.03770586940599546,2.2895041455267235,-0.003234026911698189,-0.04736378833577014,0.096046778823553,-0.030613371695273166,0.10597708484315288,4.608314525891857,0.003909291250448039,0.13850685379562921,-0.189429984656283,-0.00219998647590026,-0.0037607936401704845,1.1228942356522602,0.002827996796772464,-0.0032651080101495575,-0.10653063740499624,-0.015383641423725202,0.06670662296563783,2.466761416306202,0.0034458879793027738,0.055809364666648376
1986-12-31,0.23888322246201774,0.002823465085458998,-0.11853397166444184,1.0712185895131034,0.00525993168877042,-0.1963217248626967,0.44369936075143823,0.000585530026161657,0.029162481842943816,2.0561685434124732,-0.0033176950605976153,-0.06940825627986154,0.09420750781476576,-0.03071196984709986,0.10338101976526524,4.594849981816187,0.0038636264710007018,0.12112685761015231,-0.1894805218260407,-0.0021825077349131024,0.0002651052660768982,1.1213625135375949,0.002821250760033822,-0.004116618640189664,-0.10648528157051486,-0.015385615261337394,0.07279018951443364,2.4681230290463416,0.0034492941796603347,0.05541530463908903
1987-03-31,0.24602106417933256,0.0032349847054897003,-0.08736608027941796,1.133084599866072,0.005466958774652641,-0.13105057738123632,0.44767067131265753,0.0010088596204689167,0.03120505013231953,1.9471451301833507,-0.0033050392691497815,-0.06701784321475789,0.08938993589909135,-0.030987908515904893,0.08567635987725791,4.556342858598683,0.0037309716879453765,0.07668663879755039,-0.18974508694479927,-0.0021808107446872164,0.0026175250516181966,1.1181851540205254,0.0028089605096829305,-0.0070491509107079645,-0.1070134970439058,-0.015419947987620277,0.07503385273525202,2.4645693571381173,0.0034357935466763838,0.04959464893690271
1987-06-30,0.24659884393798875,0.00326194724072309,-0.08362907869288141,1.139978179036863,0.0054856166122717875,-0.13085402169716426,0.44937494150445967,0.0012741073890109866,0.01222608243519857,1.787715842419908,-0.0033522425181078197,-0.0524777133010224,0.08887814086727552,-0.031011243337678438,0.08773830735529321,4.553283040153303,0.003720652003917622,0.06965488241575526,-0.18974007296432274,-0.002165225770950374,0.006222049356667746,1.117476320569446,0.00280538170777585,-0.00832126798386317,-0.10610357843160256,-0.015366738018911818,0.08540709557831198,2.473045567362249,0.003464125507982556,0.05287019858768373
1987-09-30,0.2476556279067638,0.0033237068542827427,-0.07506052496966376,1.151069816779972,0.005522555824761634,-0.12270101197018496,0.45254447643042983,0.0017355071815174442,0.0035602171029086582,1.6679976626060542,-0.003405586182488485,-0.052143214253396644,0.08774971108062099,-0.03107384512912095,0.08449043084818186,4.544643254079407,0.0036908306230580925,0.059414918976720264,-0.19018260617305047,-0.0021797868281058902,0.0059799487903201935,1.1129461580532554,0.00278850841596723,-0.01220493132720647,-0.10631254740127864,-0.015380094477326923,0.08783013272339908,2.471935778442184,0.0034599985459624082,0.05064527779931522
1987-12-31,0.23375514507808948,0.0024484211420584307,-0.15307550562954014,1.029977008429679,0.005082172101959274,-0.22183626098824683,0.4540130312157593,0.0016660048380144604,-0.004227124843201729,1.5889759855267034,-0.0035363600186099297,-0.05370476117525795,0.08837165986173275,-0.031029190646931704,0.09023240998681697,4.551031904569572,0.0037148883903908737,0.06234352895591713,-0.18951535599177055,-0.0021254774809424852,0.011977676217032985,1.1184690599993963,0.0028084507709091777,-0.008329649863742428,-0.10673258770302502,-0.015406199528345654,0.08755020841550283,2.4688611236382854,0.0034490339384987065,0.04680123619059803
1988-03-31,0.2333597271419881,0.002421421027975594,-0.15396889701657068,1.0276431852071706,0.005072175225129132,-0.2270985104205326,0.460472553588976,0.002565628346621532,-0.0013538240167832727,1.4784649678959192,-0.0033383773099546106,-0.029776978273564916,0.09009311053531142,-0.030914197751727508,0.0962148787584996,4.567257400981812,0.0037758208144913845,0.07618839591848013,-0.19000214973614768,-0.002147170262564068,0.012042695460596376,1.113633028354569,0.002790195974519827,-0.012537434551509732,-0.10513311255372146,-0.015302707841899164,0.09290316825222628,2.4838461091247757,0.0035049586562260785,0.05998819842053872
1988-06-30,0.23436241750423126,0.0024843077221931875,-0.15045436010196364,1.037607033754946,0.0051079665837207655,-0.22045139536766178,0.46508385774493066,0.003062080800743331,0.0035064213537589484,1.3913113359102738,-0.0032558825881403713,-0.017054342395433283,0.0908684136571518,-0.030858368313346263,0.09895424491592189,4.575134187128906,0.0038060047484315394,0.08296657432004154,-0.1903672720078456,-0.002162662759668828,0.012190329500017317,1.1099353249032446,0.0027762271704394157,-0.015794446502311765,-0.1061598063607726,-0.015368027313515557,0.08992699770971908,2.4750339359152282,0.003472676816060586,0.051435784274364696
1988-09-30,0.23258878846439537,0.00236319748332567,-0.15890735719230625,1.021550381990894,0.005046983777703156,-0.23340850951960432,0.4683197932454924,0.0032395470127666737,0.007898758605016015,1.3233798894959108,-0.0032501368253930176,-0.014566083665095944,0.09205840336632304,-0.030773861812511488,0.10560944167082671,4.586991218156045,0.003851138345901482,0.08980414360753132,-0.1908699747710423,-0.0021890631160430226,0.011174431579506143,1.1049411607196924,0.002757382038345163,-0.019511159728909114,-0.10554468490334214,-0.01532487977640666,0.09365824579494468,2.481337436648468,0.003496631944659839,0.055015916141698325
1988-12-31,0.23123219949228555,0.0022674083402550857,-0.15819533629489063,1.0088782050459277,0.0049996794497688,-0.2474036482877192,0.4707139049514678,0.0031361376297842167,0.017944786107715993,1.2747631366360803,-0.0032631213243466775,-0.02089912280939081,0.09289546497311171,-0.03071109969915163,0.10365942269977033,4.5957609342148595,0.003883856384066739,0.09832110254231834,-0.19060921734875316,-0.002164500430357678,0.012195832007167364,1.1072632073312814,0.002765900029865428,-0.017295596410703665,-0.1044176318772496,-0.015245846543070169,0.0938459994353577,2.49257965641237,0.003538284709426704,0.06561297056753258
1989-03-31,0.23327851942818456,0.0024035990065550132,-0.15089108515322178,1.0284751325479418,0.005071514385629635,-0.23179997462873306,0.4740208209992024,0.0033681202680382293,0.0217389987612176,1.2061121175410303,-0.003243275587205764,-0.018130019494826885,0.09299155389489303,-0.03069725907901057,0.10833098399173913,4.5976604634491185,0.0038900688999560272,0.09804066524782981,-0.19170870333227313,-0.002236176927579942,0.0068562838717114785,1.096328458237114,0.0027261244319468723,-0.02582096186880324,-0.10397776258380043,-0.015212001117875408,0.09919333063052431,2.497438532593488,0.0035554655757030025,0.0683210236270683
1989-06-30,0.23633206120360564,0.002612940797771476,-0.13242227792083217,1.0581227187531788,0.005178517368772075,-0.20878316759794138,0.47677762829837744,0.003524651114659239,0.01161774160965326,1.1348821785234264,-0.0032363588553489526,-0.01873381256397315,0.09176372461561187,-0.030775247871968305,0.10686707538163957,4.586732034775267,0.0038492671763971542,0.08777705027121582,-0.1917328017775314,-0.002233138890502086,0.007329521056806504,1.095952089782521,0.0027247162193199826,-0.02617816945016328,-0.10464475825329687,-0.015254771319103503,0.09910706515199608,2.491564325703503,0.0035334020344401744,0.06268052233063627
1989-09-30,0.23947147410543831,0.002832602990817971,-0.11618581831046731,1.0890582454903937,0.0052879625315603316,-0.1830299009764683,0.4789584431522259,0.0034676276394248993,0.00280108204583579,1.0753266603472023,-0.0032185431617016104,-0.02710628804678529,0.08984528479629211,-0.030903840732649093,0.09851394283883733,4.5687662487620155,0.0037838453646829636,0.07240796225498321,-0.19065272865098054,-0.0021504667780095172,0.01555550099123205,1.1067564799070226,0.0027619669172823224,-0.017285222083296067,-0.10529592925159566,-0.015296955363268529,0.09739219080973521,2.4857466806755153,0.0035115385860044535,0.05758751355919882
1989-12-31,0.2386674903869323,0.00277088426198008,-0.12370560990533724,1.08077266250652,0.005259978524048396,-0.18961150465993876,0.4792538605005393,0.002735299061400699,-0.005550396640793487,1.0537090956094297,-0.0032151392618524257,-0.04043915953789383,0.08876458504968841,-0.030974783105568785,0.09434287815025964,4.558840364000811,0.003747248749131414,0.06377777598162876,-0.19100631107512386,-0.002173114267754284,0.014209024089926844,1.1030390880574124,0.002749163020352991,-0.020293577627905325,-0.10438679763476957,-0.015226621809581925,0.10343708617865552,2.495541561692776,0.003544302723552586,0.06446529533842275
1990-03-31,0.23693509231169077,0.002640334507614935,-0.1384417900586423,1.0628978551925075,0.005199405732542316,-0.2045776490871342,0.4821084322052541,0.0029015325063566685,-0.00470609888402751,0.9932545919902984,-0.0031950222276056063,-0.04071030999287219,0.08766260226103267,-0.03104936047694419,0.08930471173479336,4.548430885127437,0.0037095761897259745,0.054905884660084794,-0.19102117648508002,-0.0021712474540287333,0.014639362327513235,1.1028062388899331,0.0027483406263677378,-0.02062056922792549,-0.10496916849438567,-0.01526488092719122,0.10199932294617774,2.490238199196195,0.003524532196477893,0.060143547409382186
1990-06-30,0.23675371678119034,0.0026245061200451296,-0.14083099583304615,1.0608842856119505,0.005192970569854019,-0.20501695934658243,0.4839046487909409,0.0026954204764712067,-0.0035573002451349534,0.955458061121619,-0.0031870950140904172,-0.03394638570133478,0.08410159688160226,-0.03130936851120303,0.07008144053214038,4.512373471213665,0.0035843241518402486,0.03197198180609869,-0.1904331927248998,-0.0021240252318629168,0.018341071951249118,1.1089124472375043,0.002769080016195456,-0.01779133781253277,-0.10610206367710578,-0.015345098659092973,0.09627800589341749,2.4791225627797675,0.0034852264493534925,0.05150699032600142
1990-09-30,0.22834503544822662,0.001982477630149095,-0.15974491644443164,0.9723700221166,0.004891812437045061,-0.2815353008775551,0.482386696614992,0.001248977610977909,0.031243974638041738,0.9926832139293484,-0.0032176571971908726,-0.07830419051065955,0.08519430094457577,-0.03122296739489643,0.07474763376841444,4.524274770573624,0.0036239789862924253,0.040047904229378865,-0.1906648224246712,-0.002139596404461941,0.017931328688677493,1.1064083000883076,0.002760566437095402,-0.01973331966523011,-0.10171096493462817,-0.015006427784622902,0.10395885063960501,2.525862650395185,0.0036433910025566343,0.09225572422789483
1990-12-31,0.23249768261036433,0.0023015029595436103,-0.11064878923248384,1.0164421230312257,0.005043131012899997,-0.23814300328555132,0.486895889856252,0.002324931874486064,-0.03132248926438125,0.8804746770195764,-0.003245865921656118,-0.10037537210140628,0.0831133024570898,-0.03138226245610472,0.03370936680550447,4.502327416962218,0.003547568164620303,0.014608372518111847,-0.1901709338721332,-0.002096812449905853,0.03749308627242487,1.111951751281921,0.002779672613500054,-0.011356206405637056,-0.10532666564501127,-0.015283094706893053,0.05297402507815665,2.4877379472005874,0.003511790943598373,0.05332986655758487
1991-03-31,0.23620967634354523,0.0025873261607779327,-0.09951876632838944,1.055886674938714,0.005178492099945725,-0.20885410209445782,0.49264212769524457,0.0035709752414140768,-0.012807210851854295,0.7605610296822869,-0.003147225261643955,-0.08394963142766108,0.08172558053498012,-0.03148885473504699,0.03214274343136368,4.487662280301363,0.0034965955773506425,0.0044414868000750285,-0.1897974016248467,-0.0020654224957397755,0.037782195501516125,1.1159951755260022,0.0027935918451290793,-0.009067315796771008,-0.10754193810589156,-0.015451122083589681,0.05007589757143523,2.4645728762379107,0.0034319118278221448,0.036554308772569426
1991-06-30,0.23299615232516582,0.0023274853002237814,-0.11887355292412083,1.0204150534242344,0.0050538508684149636,-0.2274234010803646,0.4960820878835004,0.004032671207536313,-0.008191608019573082,0.6908197977147772,-0.0031110724802811095,-0.07915980100340679,0.08243660959429097,-0.03143222746243058,0.0439288729862195,4.495444376355241,0.0035228827399039126,0.011336098129041041,-0.1878326686476894,-0.0019060928222112586,0.038581430857241236,1.1375722215592794,0.0028695622353449063,0.0002884486014159346,-0.10778980109524465,-0.015465999679805949,0.057389198167862664,2.462463969200193,0.0034245961693200387,0.035011166426424975
1991-09-30,0.2343400248144636,0.0024308706560714887,-0.12180470642859174,1.0346944622568044,0.0051035258990330895,-0.21852772800256287,0.4996543313266449,0.004543837704244515,-0.0002052437375818783,0.6163382713093184,-0.0030515897270932276,-0.06835691652258667,0.08084227896479199,-0.03156174326118206,0.03936667106669223,4.4777848944977015,0.0034586769660336705,-0.0014118281465338237,-0.1878872058712314,-0.001908255354012263,0.03779832898635323,1.137061418660181,0.002868434977041541,0.0005242136446990085,-0.10908420883221663,-0.015566713073736574,0.05680751821528564,2.448647100364937,0.0033754245758373753,0.024918315446325952
1991-12-31,0.2367547380196021,0.002624215947980308,-0.1134829218486643,1.0611729981578808,0.005197561486023458,-0.2005887395444808,0.5018327714481119,0.004605577887422569,0.00047737580534409907,0.5764376153050104,-0.0030625419308328967,-0.06725553215327355,0.0782481493658475,-0.03177632068882185,0.022274788760807865,4.448607956707867,0.0033527135980805827,-0.021746009729014602,-0.1874965506130578,-0.0018728798177985644,0.04174283978944543,1.1416631913452893,0.0028859259891279563,0.004221943231871167,-0.1109359243475549,-0.015715859461601884,0.048343640305213036,2.428290299760975,0.003302322957082962,0.010496670903062649
1992-03-31,0.23524003627687604,0.0024934031839735247,-0.1268359934992954,1.0435188260244352,0.0051315336183644,-0.21430375051679593,0.5072451981134025,0.0057296869169802655,0.007038690107075057,0.46092760863398397,-0.002885643570308096,-0.03844514072892573,0.08306372440103924,-0.03138016455158873,0.05104854371646245,4.502575946091602,0.0035477676495890825,0.01771214392188749,-0.1881089791641698,-0.0019219377023706949,0.037737113331934906,1.1348329586540875,0.0028616404918917196,-0.00039028839752722894,-0.1087589738496168,-0.015532229390096578,0.06346274874102373,2.4532171626342825,0.00339364457164807,0.028738620980663144
1992-06-30,0.23275180965877484,0.002278988987938102,-0.1446883396381773,1.0145430726768836,0.005021407135902829,-0.22535549587479536,0.5068818664038623,0.005010460837733745,0.005046205821093552,0.47188332687283085,-0.0030150146436675298,-0.021824381132477547,0.08623784618494847,-0.031116373934212748,0.07176274727724802,4.53845915331026,0.0036795507217194353,0.03598437117912358,-0.18842876035412592,-0.0019465210167117085,0.03521810192642459,1.131345288400955,0.002849746900953564,-0.0032390474798019986,-0.10754008150571352,-0.015427503819085425,0.07395579233777816,2.4673988267582794,0.0034467381932630197,0.034632000778234404
1992-09-30,0.23366567998520713,0.002352316746124268,-0.14571956041815323,1.0245854610735985,0.005057521957073671,-0.22054546540883935,0.5089861527174482,0.005131457103181653,0.002936475834393132,0.42892348706585626,-0.003032485016425418,-0.019571095793835022,0.084846516028035,-0.031237476343548884,0.06415469230654794,4.522110459174193,0.0036158931518147194,0.02784579634368336,-0.18736570697333058,-0.001850301231605943,0.04756605121131157,1.1441826530296089,0.0029016248940632494,0.004202800843446364,-0.10947876169791118,-0.015592355522270607,0.06128598430175877,2.4450643884981225,0.003361347931714486,0.02152424839424749
1992-12-31,0.23534774827753696,0.0024935898051556596,-0.13946765844524633,1.0437851034927101,0.005129642698040592,-0.20914279915047754,0.5129101242381859,0.0056759033385864275,0.019774911209184953,0.3648269233272625,-0.0028817883944498015,0.005996684183342441,0.08403394648511112,-0.03130952727479851,0.06238866420608158,4.512406007274061,0.0035773818383390147,0.0224666490514547,-0.18763418425013617,-0.0018707986336418093,0.04490562381963582,1.1412858104858465,0.0028918503164330946,0.0027703951180227705,-0.11060266980114927,-0.01568880770630409,0.05808957821209719,2.4320090624996977,0.003310843332758412,0.01274221872684496
1993-03-31,0.2343999661810728,0.0024054969665005463,-0.1457289624832727,1.0319847928465995,0.005081101770657033,-0.21340141059891354,0.5156422410301079,0.005984050081028857,0.024826740555047133,0.31334544603691983,-0.0028453127498348453,0.007919780274013355,0.08878345856366167,-0.0308945052918338,0.08692250881548588,4.56848966800323,0.003795830714208712,0.04820500580809707,-0.18884694255994702,-0.0019757483223062583,0.038211932480507235,1.1270232010663863,0.0028367157369610834,-0.0038633660412495975,-0.10805782288833728,-0.0154639771061228,0.07272071652852256,2.4623479309770184,0.0034299527877263455,0.026376642544086927
1993-06-30,0.23410353033948506,0.00237407150041583,-0.15123227496478342,1.0278318363190402,0.005062672510999515,-0.21690082543471792,0.5182762896405693,0.006252078055281338,0.03238642992525878,0.26703395034782074,-0.0028054591788870442,0.013004694735059968,0.0887348678365258,-0.03089866446490956,0.09074460359286945,4.567938691374529,0.0037932984499507052,0.050920204368342215,-0.19083173386473457,-0.002152812941985806,0.024060160108369803,1.1030833462158338,0.002742327610214339,-0.01799824296420382,-0.10810432141721375,-0.01546714173050753,0.07594882398904926,2.4619080529008626,0.003428261908688839,0.027795211298205995
1993-09-30,0.2340430124874527,0.002363762455961719,-0.15267785439297318,1.0265183611756055,0.005055632255513501,-0.21804249243906113,0.5217877003675812,0.006727475604474916,0.03877371113176503,0.21767270094192104,-0.0027049127500409103,0.022897065073340134,0.08942069974659816,-0.030835663853175876,0.0956245941324379,4.576424830458764,0.0038270024303987725,0.057153707959021485,-0.1924149903095572,-0.002295365865976806,0.01636241150397874,1.083816750799393,0.002666193283313327,-0.028481553617519806,-0.10776579817374517,-0.015435452441097033,0.07983789039479951,2.466163941485416,0.003445301598963317,0.03118467390263248
1993-12-31,0.23271775546376353,0.002237461661637581,-0.1575687008023763,1.0095884010283223,0.00498687073461954,-0.2230243099127703,0.5251841583860484,0.007214769729297206,0.042345839694628046,0.16779309611974513,-0.0026245405465445365,0.02272884341773576,0.08829036303321061,-0.030936852263536048,0.09140311451440819,4.562787710682532,0.0037728928010158885,0.051391132859940195,-0.19175672450338452,-0.0022320717981144473,0.017852626731864583,1.092253415887163,0.002701034108867614,-0.02581386533722059,-0.10812609267671641,-0.015467351038661974,0.08000623892021662,2.4618578527597093,0.003428244661386856,0.029946601627528477
1994-03-31,0.23032189050355023,0.002009387904909209,-0.1559343041276264,0.9789840116235551,0.00486223386401089,-0.2473316798267724,0.5279574209369181,0.007518821646026928,0.0368601397712888,0.12738100193968394,-0.002561989741553966,0.04110112891842799,0.08862502924393995,-0.0309033237500156,0.08983467662858298,4.567278706852701,0.0037913104548605975,0.05663906390179664,-0.19153059520993854,-0.00220900492578236,0.017550915232700564,1.0952909821876662,0.0027142000487491596,-0.024091468572488457,-0.10755237935279952,-0.015412821119561004,0.08093055790188664,2.4691781624836824,0.00345782929975373,0.03611180706716262
1994-06-30,0.22927192681572423,0.0019039508932298715,-0.16055569866377414,0.9648808856025923,0.0048025864958265215,-0.2575926751863828,0.5293519015811524,0.0075906936099942365,0.041468297373848495,0.08259856112285835,-0.0026043599855348157,0.033225896052066564,0.08937581035669344,-0.03082984822980543,0.09256679277157875,4.577133490716538,0.0038320469033589896,0.06377309992118257,-0.19109955686488656,-0.0021663485514927167,0.01851394491335759,1.1009663202029518,0.002738181440881956,-0.020770285978745168,-0.10699888191636006,-0.01535925010627842,0.08397809526021899,2.476364451249658,0.0034873827519034347,0.0411472585314025
1994-09-30,0.2313992245621859,0.002099654682226489,-0.15410585234476676,0.9912292646377018,0.004907953606480916,-0.2423365141436986,0.5313335461344567,0.007740873720885623,0.04881531781590909,0.04582614660592732,-0.002590413304086348,0.036808362380440024,0.08707956070741674,-0.03104485310340348,0.0791719493649204,4.5482313206244935,0.003714869125450013,0.04645663427881559,-0.1912693254433992,-0.0021816321133396013,0.01644339635923604,1.0988725600515068,0.002730102468671644,-0.02253428289800355,-0.10814348803549813,-0.01546702860093959,0.07738343376444731,2.461879241768414,0.003428429287798561,0.03235252529895023
1994-12-31,0.23030102240906278,0.0019859861572135737,-0.16029781835858345,0.9760377472422794,0.004842925318409551,-0.2535148596450629,0.5329502536880257,0.007851779825484878,0.052569239393994605,0.005374306353501224,-0.0026051232393304946,0.035144901772671225,0.08599744932495633,-0.03114583484987578,0.07706323127099964,4.534652800598246,0.003659943356656512,0.0386696986095072,-0.19131508667478003,-0.0021850642058933866,0.016241508193925044,1.0983748166027858,0.0027285480830265534,-0.023138308522138096,-0.1086820175170874,-0.015517506325742335,0.07712341912074522,2.45509186197949,0.0034008855741509397,0.028459058684493298
1995-03-31,0.2318488670430349,0.002129406988104448,-0.15603196991678925,0.995337340360492,0.004920565965087998,-0.2420755647590031,0.5339634668704321,0.00787058045278103,0.05447159599516671,-0.039969894057364064,-0.0026577018444440387,0.02819019386945168,0.08605443550745884,-0.031137707657406567,0.07893860039675477,4.535725490279105,0.0036649770145726016,0.03997891422394609,-0.19145148671174672,-0.0021977157120953456,0.015638962315378344,1.0966467953176184,0.002721874855263014,-0.024450246092849705,-0.10922721293051063,-0.015569511864417832,0.07620135982984946,2.448104656733748,0.0033725118575106826,0.024438044294455622
1995-06-30,0.23383601652105893,0.0023182632134025505,-0.14832848610908053,1.020716246146133,0.005023223830246869,-0.2271797253082622,0.5356139796109964,0.007991401242474445,0.05669985832884719,-0.07758911737982288,-0.0026589946225750206,0.029846219416402378,0.08603383623914548,-0.03113758763243324,0.08035694839548112,4.53572736246665,0.0036653729634519346,0.04030671401488444,-0.1916033063435625,-0.0022122632001117916,0.014482425552637655,1.0946701977715314,0.002714263026373402,-0.02564733093855573,-0.11006610946660438,-0.01565159889640425,0.0720922782487419,2.437088892142657,0.0033279802871707294,0.018583227797967117
1995-09-30,0.2357329580351929,0.0025010224877265843,-0.14113055023944968,1.0452625365639945,0.00512188441713569,-0.21238741392333782,0.5376549733250593,0.008176905359321082,0.06248620696878113,-0.10846722720802715,-0.0026355186923531326,0.03473188106122829,0.0861345352569197,-0.03112570268274045,0.08182726225232775,4.537309681675148,0.003671880481474925,0.04159094679057938,-0.19179529431481018,-0.0022312390303792307,0.013473818319271707,1.092104626171081,0.0027044758694322896,-0.027360709519219484,-0.1101595908870323,-0.015660417864594794,0.07266884678254172,2.4359011683877,0.003323587624753522,0.017975473166959362
1995-12-31,0.23620227219094525,0.0025421975952568832,-0.1406448196086809,1.0508179825891117,0.005144406167973728,-0.20891429633103542,0.5383995540541845,0.008144870805561012,0.06212689160155038,-0.1525913648613877,-0.002678728390415711,0.03429730322213721,0.0861020600058412,-0.03112736661489769,0.08234471730809183,4.537077370561278,0.003671021508996764,0.041484295682288855,-0.19208222349133564,-0.002260341150784859,0.012091047360194222,1.0881868474999816,0.002689302450554229,-0.02925465800143158,-0.10920930996606307,-0.015563892018067927,0.07818797524966345,2.448834403845743,0.0033755385542537934,0.02496716083863951
1996-03-31,0.23712304469819304,0.0026311292994607095,-0.1370710540213846,1.0627663451231257,0.005192079960915957,-0.20232376429672558,0.5399272796796121,0.008257173796435854,0.06449064403413504,-0.18776849163976328,-0.002678085091801583,0.03595733695093464,0.08582337414463888,-0.03115439930750548,0.08141524937199081,4.533447101721495,0.0036565932786537126,0.03960332873266394,-0.19186156037354846,-0.0022372835588997564,0.013289887625444974,1.0912600672616717,0.002701749765511375,-0.027764581495569145,-0.10955397176078602,-0.01559915449707531,0.07678344745149482,2.4441054063235566,0.003357146332007991,0.022842706556227926
1996-06-30,0.2382480110673728,0.0027434111571840018,-0.13012822155852863,1.0778410873171533,0.005252100419752015,-0.1925131932369489,0.5418547006352372,0.0084051401894798,0.07643295377590142,-0.2100834858897065,-0.0026497871547737665,0.045266331322594194,0.08465904631819501,-0.03127370207855252,0.07329425551261232,4.517447609486008,0.0035931660033089678,0.02955617754511484,-0.19133180869925948,-0.0021814500271280656,0.017653055932445115,1.0987304987071906,0.0027314879790001495,-0.02286069275177647,-0.11027315954247062,-0.01567397643581244,0.07136219622711211,2.434071849924958,0.0033176356075372113,0.016290991191662975
1996-09-30,0.23745025803568306,0.0026560518143620335,-0.13612282751314267,1.0661302859923223,0.005205884942813885,-0.1966941644265347,0.5431396988457347,0.008486007094066822,0.07850568438073477,-0.2454218392343741,-0.002660867601158712,0.04932340360568786,0.08487707166953062,-0.031250122410169834,0.07541629541859834,4.520606557015725,0.0036056619628990444,0.03152267233139225,-0.1906458006221714,-0.002108744809089032,0.021076624385924284,1.10848227077401,0.002770453195331571,-0.02036474127359246,-0.11100911255013583,-0.015751441109863464,0.0681327751591818,2.4236656457979695,0.0032763888555470476,0.01386127348564171
1996-12-31,0.23862659925635193,0.002778016103368008,-0.12692925318598103,1.082551219732108,0.005271150724573106,-0.1898073213850516,0.543961705939394,0.00858443476869804,0.05871283889988624,-0.3016689992114796,-0.002709273266563731,0.05140830155298011,0.08606066498258785,-0.031124299537517053,0.08647456771248695,4.537524927898515,0.0036726434329927495,0.03956416307052379,-0.19015325073502468,-0.0020555718404646137,0.02659008099749367,1.1156399520675253,0.0027989391354377876,-0.017372267520394523,-0.11062943000288712,-0.015711856236230677,0.07077174900809106,2.428973711292287,0.0032975547426158983,0.01650027311747128
1997-03-31,0.23845213006967414,0.0027569057060687547,-0.12999252596415678,1.0797122981412226,0.005260172802568594,-0.1914091605735051,0.5447980847045515,0.008729754259541454,0.04541914409920522,-0.3645981931120086,-0.002756738047258683,0.04143907885285074,0.08731098101957893,-0.03098980268928743,0.09720861322637131,4.555666166873951,0.0037438150539748664,0.049434981758222384,-0.18989263663051567,-0.002026913987566766,0.028974888147213707,1.1195163392510867,0.002814151400799953,-0.014966955962876451,-0.10982847363346575,-0.015626736569758895,0.07724203989368743,2.4404329045664777,0.00334279506975906,0.022327230269923212
1997-06-30,0.24075695585859921,0.0030051183060226115,-0.1217457855775937,1.1133069899592922,0.0053917609053105095,-0.1785103121404335,0.5462182005915884,0.008842959739047876,0.05043713735275951,-0.394578669205254,-0.0027528437126223895,0.04324666231998524,0.08676949773938572,-0.03104738914664943,0.09271968085744695,4.547900481628936,0.00371322434324307,0.04586116595747902,-0.18932838829266704,-0.001964731889575433,0.029374433660494345,1.1279554091151394,0.0028471055888665254,-0.012151296471111595,-0.11058785972561079,-0.015710035530226887,0.07444793052000812,2.4291345623986267,0.003298819473552882,0.01811408015291739
1997-09-30,0.24236750491581643,0.003181333800635551,-0.11590058877012331,1.1372704682819652,0.005484987203390414,-0.16327854137429443,0.5487155685048279,0.008963083455356971,0.04767045763129851,-0.37770329396909963,-0.0026610112691060526,0.06927238498684042,0.08680554558864474,-0.031042210683269164,0.09137650324027838,4.5486378736727175,0.0037158659701712676,0.04686731459107673,-0.19004741095163663,-0.0020439108253122035,0.025957498370991,1.1172003109904676,0.0028053596348945695,-0.017961673467972814,-0.11167001403989242,-0.01583005806135005,0.0700215535582687,2.4127992686958564,0.003235503864453076,0.007854392001032232
1997-12-31,0.242152929060087,0.003158092384522304,-0.11635423421388945,1.134181380422281,0.005472515095584675,-0.164867453833305,0.5492268642070404,0.009099146204178562,0.04403740984861837,-0.4485520138847886,-0.0027238032438496288,0.05895350756512069,0.08802870299115556,-0.030905430459972003,0.09827254174673661,4.567309319758731,0.003787614775698681,0.05604816822674835,-0.18944753135236778,-0.0019756435454979728,0.02932956130302699,1.12656580761756,0.0028410743641694163,-0.012892265435040268,-0.11067695998719099,-0.015721346884650298,0.07520979774019317,2.4275563641114295,0.0032929241100276598,0.015257875377950529
1998-03-31,0.2443521485468111,0.003406378750830537,-0.10820623460650303,1.1682493092325337,0.0056006031971462195,-0.14409499411512722,0.550165069879175,0.009222498823274913,0.04986449543604907,-0.4969265263300804,-0.0027478631939348588,0.049800502656711765,0.08745142575714718,-0.030968115886023193,0.09416026218813078,4.558815977863322,0.0037544021328986326,0.05204769789952007,-0.1895764351853433,-0.00198927737394665,0.02787664813914454,1.1247362127071259,0.0028337805473046727,-0.013192214845211105,-0.11157378266041995,-0.015823642982299345,0.07150886758038168,2.413499467554206,0.0032402956853548703,0.006781034164736365
1998-06-30,0.24389205898958055,0.0033568501350590037,-0.11364097273678364,1.1616062166397656,0.005573909679478332,-0.14704040911654565,0.5504481779635787,0.009298401638034868,0.0729244523802686,-0.5641812938156557,-0.0028117637439660447,0.031366887058978596,0.08797659071024298,-0.030906727531377368,0.09207831270103536,4.56731798111892,0.0037854394139217253,0.05766087228004174,-0.1899136824237936,-0.0020268120264357154,0.026224634928731054,1.1196152109596877,0.002814242424523743,-0.015615022268452001,-0.11176207660605363,-0.01584686115984119,0.07303467166469288,2.4102336189461093,0.0032289004596853434,0.004583200683261467
1998-09-30,0.2399417735604152,0.00290778091070431,-0.1223460491613599,1.0999154672583558,0.005342857372462035,-0.17987726101699605,0.5498012470636694,0.00933829064020095,0.09635924176554135,-0.6663015240221969,-0.0029329364292256543,0.013464402258593078,0.08729652375421869,-0.030982027531546653,0.08900563760716221,4.557055632983272,0.0037460322163916323,0.05221368965187176,-0.18945709265877145,-0.001972772953224456,0.025047075175739203,1.1271409602987381,0.0028412953583749657,-0.011381730407344496,-0.11101274326373572,-0.015763169090772976,0.07513750696361932,2.421671153090405,0.003272404457987948,0.010893938822045836
1998-12-31,0.24371601577786148,0.003348331043335338,-0.10734214369972203,1.1610424902474235,0.005563826895350902,-0.14946894498889232,0.5501169719727836,0.009457594936903131,0.08618694533303103,-0.7395763847246927,-0.002987799406352439,0.007218577351073563,0.08434124917892931,-0.031320869057470065,0.07641138170360846,4.510336091628832,0.0035735246587884116,0.028281659457122042,-0.18985729892818679,-0.00201832082798071,0.023057187281798154,1.1208771482209952,0.002817996725509521,-0.014279870226643832,-0.11230158189009032,-0.01591473617883797,0.06895512185062976,2.4006003513534524,0.003196762032995926,0.0006469295606527717
1999-03-31,0.24353112681428377,0.003330524464999945,-0.11618087576450466,1.1587713276435394,0.005553284096437787,-0.1504207200412615,0.5498106025765017,0.009457079554849384,0.12838933358565352,-0.8162339043404925,-0.0030765279883150096,-0.008769334460376185,0.08309452037532561,-0.0314647087121726,0.08000634433315423,4.490452219051231,0.0035006751739650238,0.017399012903606962,-0.19178773950502154,-0.0022449670733408764,0.0294433768196189,1.089366552138248,0.0027048869050479932,-0.030897567157877358,-0.11299210847810436,-0.015997977158903783,0.07511626638274863,2.388927502949799,0.0031560261159877426,-0.005671674236439144
1999-06-30,0.2451322716293133,0.003524684824864949,-0.10325395063231942,1.1860901744060535,0.00564891937011884,-0.13203569789973962,0.5515973588662103,0.009508702018630542,0.14751595575192555,-0.8018595673539854,-0.0030251005758678753,0.008089070147907912,0.08256261364072734,-0.031527088121070745,0.07362936173607772,4.481771592283422,0.003469076425291176,0.011329315646312729,-0.19237464373849864,-0.0023143641499387695,0.021946697141308806,1.0796885089208126,0.0026700227460558267,-0.037097569641865134,-0.11337614508564291,-0.016046599925668127,0.06847635044386657,2.3819938141486845,0.0031325799298560246,-0.01104910727720643
1999-09-30,0.24388683757300358,0.0033811888892647806,-0.10863016798189709,1.166280427574715,0.005576135260778654,-0.14230644823567243,0.5529770109982556,0.00960242506432899,0.15176282149455717,-0.8144136087018665,-0.0030035403166545193,0.0138157366271308,0.08097223786001946,-0.03171725273388878,0.059075632948424855,4.455150223285376,0.003373322603233294,-0.010178966686617094,-0.19274416524723229,-0.002358580772902737,0.01577813816378962,1.0734957509974155,0.0026474978655605186,-0.0428244367304796,-0.11318844825825593,-0.016027781141925324,0.06557345087201659,2.3844539938116807,0.0031425254481995376,-0.012177654554877255
1999-12-31,0.2465964268674291,0.003713888189443718,-0.07086515143973073,1.2132666333983797,0.005741491911175125,-0.11803774754510864,0.5541718522823011,0.009705427041047225,0.1470315586403658,-0.8364656979686741,-0.0029955867846014283,0.016417799571826402,0.07729268178116103,-0.03216160780465216,0.014784238845531275,4.392750374925901,0.0031510390988780715,-0.04206331287283681,-0.19538404350570718,-0.0026806965084431597,-0.02362424569164895,1.0281060909402695,0.0024867418735763165,-0.06437579482514981,-0.11522657506154516,-0.01627759328257756,0.03630246311955314,2.349202259789671,0.003018263877461238,-0.029867234654905452
2000-03-31,0.24689594446007676,0.0037571826056658738,-0.06530093271566755,1.2196930061931597,0.005761737677721027,-0.10662477254655862,0.5555621847423255,0.00979519149812127,0.15324731727986518,-0.8442532832254909,-0.0029684343469347017,0.025739641490548387,0.0766104367332644,-0.032248440453017294,0.006703950123834124,4.3803412461964,0.003108426162562873,-0.05704551582856525,-0.1979197700558939,-0.002994604365253703,-0.05096376814637921,0.9836572794796761,0.002331384906608182,-0.10445619623934851,-0.11496491904563774,-0.0162503726537595,0.03610871672430146,2.3528166347718527,0.0030326640206860393,-0.031720106928412845
2000-06-30,0.24555284391633825,0.003599180752662768,-0.0749436429746183,1.197710249330007,0.005681851693631008,-0.11995122527319681,0.5566666124514905,0.00988550001062818,0.1505501617398188,-0.86537097496984,-0.002961815760932854,0.026714704990184926,0.07679880002213507,-0.0322307546824392,0.0037316173328534735,4.382584287662319,0.003118925101098215,-0.05475597491247229,-0.197693559752736,-0.002967919068589982,-0.05045899557185808,0.9873748960364092,0.002345192248901815,-0.10046180790382622,-0.11451006441139286,-0.016199453781333188,0.03690726758139218,2.359777939487877,0.003059201683216007,-0.02757587641087435
2000-09-30,0.24488516151025475,0.0035237631110270843,-0.07865836432925091,1.1873542311029774,0.005642576724974503,-0.1275285327479892,0.5574905773437698,0.009948498184930548,0.14493954080569615,-0.8937055939973094,-0.002971083167683304,0.02891079586797922,0.07877317039590394,-0.031992776552847026,0.021216959619014993,4.415981403548695,0.0032376191339961074,-0.03332582638309624,-0.19707812367752678,-0.0028929219906109463,-0.044459408891526477,0.997946395147467,0.002382659815631759,-0.09201678832595214,-0.11309225194481466,-0.016028604884662106,0.04920955687813972,2.38374696512425,0.003144254776143468,-0.013413098169639957
2000-12-31,0.24275574890137447,0.003264204128710815,-0.09904663492329104,1.1508352367650283,0.00551476621257829,-0.14986139276146757,0.5584968102182204,0.010023341851324245,0.14261892368698423,-0.9141232576634647,-0.002965714610229295,0.02734626048767831,0.0825065427220519,-0.031532657017793495,0.059035089147586664,4.480933915423177,0.003462321162098114,0.007879003115941426,-0.1936940083831916,-0.002466519882278295,-0.005823323439288545,1.0584824181278698,0.0025867186743487093,-0.051860218652768186,-0.11061432728141897,-0.01572280917931219,0.07428451381010925,2.4269155836435807,0.0032930727711453917,0.01391284584212351
2001-03-31,0.23982819756949642,0.002900735011471607,-0.12060328945002412,1.09950358872118,0.00533951243230304,-0.18209805602868226,0.5612106852030401,0.010279747359391501,0.13985748887670243,-0.8796876941133086,-0.002859618497637018,0.05810314442201996,0.08475431633988625,-0.03125493847820735,0.07550815588471886,4.520122271956051,0.0035971306422435843,0.032779061834213426,-0.19247084807095377,-0.002313215012810171,0.0022542056269852454,1.0801983756126852,0.002660403566529368,-0.03741255797646479,-0.10922585579362822,-0.015551505438968435,0.0830707816951711,2.451063267542124,0.0033760364880343068,0.029094229507843027
2001-06-30,0.24074426571340002,0.0030239410540153404,-0.11437340947527862,1.1171670454209204,0.005395121300630382,-0.16410232165186425,0.5628851636410093,0.010435497901790141,0.1422392760834424,-0.875495149958342,-0.002807230261536366,0.10458238219463822,0.084240023487535,-0.03132510266857835,0.07154585189479848,4.510028909867634,0.00356609604499018,0.023419425777294597,-0.19258119747011776,-0.0023303744926997244,0.002170890436036252,1.0777031476661618,0.002654099174582018,-0.04092692004222161,-0.10972958577698323,-0.015619430318696316,0.07862751989925815,2.4413060220858265,0.003345444279034889,0.020001984298402102
2001-09-30,0.2379441940273566,0.0026676962397627706,-0.1390685423177552,1.0667978499048836,0.005222790558224819,-0.2029695596238937,0.5634236280015762,0.010437375756351152,0.13859702215594666,-0.9018586285083742,-0.0028347428877875157,0.09044120821327434,0.08539579227985858,-0.031180043273146253,0.08153171511401348,4.530489371179634,0.0036370838804742006,0.039218563005253705,-0.19058818895059113,-0.0020729558003663414,0.020044362758673127,1.1141648400830222,0.0027786702370900143,-0.011588778141779898,-0.10808710393514001,-0.015410220440418879,0.09249793321956204,2.470872634736831,0.0034467915676425383,0.04309234263504365
2001-12-31,0.238974905581556,0.002805922148227236,-0.13166410461231276,1.0864686234963523,0.00528802145647814,-0.18822045384246688,0.5657248789683678,0.010709767520410394,0.14415114088519465,-0.8881004469442888,-0.0027259916602076738,0.10835574113050639,0.08466122849857229,-0.031278095652209154,0.07598806736666008,4.5165333433424975,0.00359101931285945,0.029020577292191714,-0.19150469592381353,-0.00219562636248453,0.013934961087290355,1.096768802924016,0.0027205532661156236,-0.024278688802865555,-0.10905076446473586,-0.01553763877693606,0.08478163078900404,2.452760529663668,0.00338636688334399,0.02976589615135418
2002-03-31,0.2384558793971163,0.0027410216945182447,-0.13348325216548873,1.0773805506502205,0.005255250703647749,-0.19574247888775842,0.5676343443956129,0.010930411847879292,0.12342782350423911,-0.8829464260258072,-0.002631249055099732,0.14520197483206798,0.08574095849992901,-0.03113878677671781,0.07946780458329186,4.536164349506315,0.003659949311563309,0.046226038569942035,-0.19020922696942777,-0.0020256759763631394,0.01367165056719366,1.1207140261053612,0.0028057023743176842,-0.000981852112690501,-0.10772305048406694,-0.015364650715966726,0.08652877606585915,2.477131133979155,0.003472150354518469,0.05222939372027268
2002-06-30,0.23698098803346915,0.0025476396557471575,-0.1496186326962966,1.0502047329558626,0.005158345786764284,-0.2211984715567091,0.5687620519979494,0.011046666123217341,0.1361420375511067,-0.8957526116587646,-0.0025999720890421962,0.1567037343782522,0.08605076034349708,-0.031099193489005566,0.0840284693585867,4.5416996365077065,0.003680175859381662,0.05115579726029184,-0.1891850171966288,-0.0018891906007869042,0.029137058542508764,1.1398549202032489,0.002875408481718495,0.018630605365693526,-0.10692779549135331,-0.015259648743490275,0.09741176550184472,2.491854362432966,0.003525265709434426,0.0665599649628956
2002-09-30,0.23472427806248292,0.002246987814674896,-0.16870123636736742,1.0080290431098269,0.005007356153978878,-0.2631894540923974,0.5693150455597822,0.01102961227403115,0.13088299014117744,-0.9127759473639905,-0.002629275125869467,0.1385788742660251,0.0859202639544615,-0.031117449283210648,0.08364022270162907,4.539090580331141,0.0036715938983836235,0.04855871372707155,-0.18840364306334487,-0.0017841757193284202,0.03718083002057512,1.1545217175357605,0.0029292776570061245,0.034232914418070616,-0.1077709184832932,-0.015372604762766454,0.0908729371283994,2.4759113996277566,0.003469614516979133,0.051104915901432846
2002-12-31,0.23531881109587732,0.002327787776443882,-0.16381991090457762,1.0194370092187255,0.005047354230234401,-0.25075270852032244,0.5699507278357904,0.011043490978212667,0.1271354918287085,-0.9295932098444245,-0.002641923609335355,0.13651452379523193,0.08539971820199077,-0.031187968391501748,0.07897506573236729,4.529160691376399,0.0036369094395707386,0.03992939314377776,-0.189302355609495,-0.0019071192840540542,0.028097864186941976,1.1372702919600997,0.0028682909758583853,0.018777937822811994,-0.10751039532495024,-0.015337087247251625,0.09508957367996912,2.480818167331511,0.0034877985506780907,0.05417599483134085
2003-03-31,0.23481265840530313,0.0022583597480111896,-0.16841471206728736,1.0098302464247244,0.005011873057604719,-0.2588152809036178,0.570814326434055,0.011104133159475463,0.12926150061993946,-0.9423069084196034,-0.0026348047897697567,0.13572896758186462,0.08480062809035444,-0.03126965240154817,0.07416934396207388,4.517702757495372,0.003596223375347418,0.02896025890202593,-0.18932196846021043,-0.0019097647496453037,0.02874524560846245,1.1368338941604708,0.0028675072886125406,0.01732510852865112,-0.10774601455667092,-0.015368487551695604,0.09322389339435916,2.476355351425922,0.0034726920679700917,0.05035161692699285
2003-06-30,0.23644035418929105,0.002480928043411292,-0.1511558669122478,1.0409801386769801,0.005123439826335501,-0.23036952232156435,0.5721835136063498,0.011269025309456823,0.1443494775893606,-0.9470050814784374,-0.0025820221346411227,0.14262554418383125,0.08487278926091056,-0.031260102134175516,0.07515783078124912,4.519018150141558,0.00360120223263648,0.02997183303756187,-0.19073049590256244,-0.002105029012081328,0.012055132277721085,1.109602940568464,0.002769032238080383,-0.007032732765516147,-0.10758082944328232,-0.015344842869766824,0.09632906869851977,2.479582253827244,0.0034852108941526546,0.05289475189263348
2003-09-30,0.23659562116800267,0.002501002560446639,-0.15012986416805255,1.0438754758836797,0.005133026076467343,-0.2268148696221881,0.5738155289342263,0.01148203502569943,0.14817382706393764,-0.945658447553654,-0.0025058694799895385,0.16172680123017957,0.08491615434012989,-0.031254478485051064,0.075948882139304,4.51979238775221,0.003604153123768896,0.030478608559834072,-0.191498098657761,-0.0022120754427667967,0.007280213358032073,1.0946773364349083,0.0027152381895358883,-0.022274466071167915,-0.10713682515852593,-0.015282157282132044,0.09967703148696141,2.488239281419858,0.003517343788703618,0.06124612846168881
2003-12-31,0.2376692692863028,0.0026496187693425756,-0.14182007928299728,1.0646106506681197,0.005208362184945507,-0.20553120559370847,0.5748406067205472,0.011583149751558636,0.14949649946394133,-0.9537459322933315,-0.0024767070728900823,0.1707018343374832,0.08546610864379664,-0.031178145802940375,0.08067896539194123,4.530398800237343,0.0036431676303685084,0.040912009842936026,-0.19169658238097007,-0.002239844030788725,0.0069578215334000736,1.0907794318902395,0.0027012030344091046,-0.02759667384818546,-0.10680077449722994,-0.015233703243622986,0.10165109657350604,2.4948981560814825,0.003543020011893308,0.06923522405739764
2004-03-31,0.2378792478577079,0.0026778326161843212,-0.13988745473656508,1.0686001247031214,0.005222227156670331,-0.2015693387502881,0.5757545778143646,0.01166509622271241,0.15558665694274695,-0.9629595920534969,-0.0024562485228788863,0.17342279408867253,0.08564280658318649,-0.03115350260688753,0.08311422789900647,4.533813734696499,0.003655899323946093,0.04388723288744532,-0.19182637942607797,-0.0022582087781538,0.005763285107469726,1.0881984073811362,0.0026918449476191373,-0.030846263603455274,-0.10698006265650056,-0.01525724899297307,0.10113848788940541,2.491561085182181,0.0035318207107029346,0.06619421613044632
2004-06-30,0.23793772464209287,0.002684935579617264,-0.13964292743278436,1.0696464223314424,0.005225337315207914,-0.20043412533188548,0.5764005285928053,0.011696801291077604,0.15469245005050364,-0.9760429479470023,-0.00246041959935416,0.17062509008142762,0.08522857911923352,-0.03121233148808648,0.07840692212094118,4.525657748499405,0.003625553024078063,0.03605889743707398,-0.1916359008138761,-0.002230817335590752,0.00871307447462575,1.0919508986011102,0.0027063021727809764,-0.02797318449434422,-0.10756662476824433,-0.015338791060807556,0.09542380515751113,2.4802017459637558,0.003490428837109919,0.0555105850562619
2004-09-30,0.23751348409724943,0.0026230117064005706,-0.14496182295127122,1.0611360198547761,0.005192405215052095,-0.20836562269790376,0.5770207283575726,0.011726444703659777,0.15467554608047301,-0.989041843515053,-0.0024657698625691793,0.16739634890774258,0.0855131134565838,-0.031171663402892024,0.08207312444543419,4.531279363320274,0.0036468176730499926,0.0411609428231951,-0.19130275376362643,-0.0021826185975413344,0.013118078517399547,1.0985767555529493,0.002731851041734805,-0.022222903393623476,-0.10823612412213739,-0.015432939957206666,0.08857436280829009,2.467121296774441,0.003442053410716326,0.04315023630899607
2004-12-31,0.23854524152144221,0.0027714439368186263,-0.12969106707915593,1.0816723005049622,0.005269528492425957,-0.18615798538997158,0.5777001616456859,0.011768800886125075,0.15506893567411204,-1.0002774023777103,-0.00246368070937227,0.16494906571808393,0.08536392429518896,-0.03119315608540729,0.08029569442425175,4.528305578880107,0.0036356222186557014,0.03797232116648237,-0.19153843337268633,-0.0022172339093773845,0.009124111357632447,1.0937857676289582,0.0027137889652231054,-0.028380188666772884,-0.10849255301577748,-0.015468318191184787,0.08615276127063994,2.462182173574073,0.0034242605025532795,0.03830654765294257
2005-03-31,0.23805496199291096,0.0026991742459725417,-0.13637942641213094,1.0717381149707619,0.005231620638079111,-0.19631265631842165,0.5782505536954419,0.011790572765298822,0.15555759924771984,-1.013517879454799,-0.0024711083898508227,0.16132411485863107,0.08586813125763543,-0.03111975954073988,0.08654485857311961,4.5384292251888345,0.003673815690297909,0.04779071460865384,-0.19123656906086486,-0.0021729263203114917,0.013054837627629934,1.099870312056821,0.0027369838935641646,-0.022742604786628828,-0.10856115978136541,-0.015476807219463866,0.0860158731856461,2.4609660642953934,0.0034203364660652345,0.03722908344230272
2005-06-30,0.23840764841057868,0.002750433536408358,-0.1312165700114392,1.0788230592183026,0.005258031848983961,-0.18910334678078133,0.5788193150794165,0.011814692951920067,0.15010842355822757,-1.0257167724795155,-0.0024759951826530137,0.15516320368494402,0.08580847690644047,-0.031128253588474642,0.08652687226685461,4.537250522152072,0.0036693849134940967,0.04682600188232175,-0.1912473400295644,-0.00217462497278098,0.0132124832397079,1.0996218583288797,0.002736187231666074,-0.02321993474173855,-0.10890317864957057,-0.015525805597217878,0.08128038252934036,2.4541806995374444,0.003395249844409285,0.03020296649304974
2005-09-30,0.23861251963848545,0.0027803084250875554,-0.12897220680975555,1.082950037307792,0.005273232879222084,-0.18535517777671548,0.5794991130263233,0.011864252608041644,0.15248690753121347,-1.035079472424529,-0.0024692978141884606,0.1549859922322417,0.08587520606989994,-0.03111803810345816,0.08800077438625663,4.53864403965991,0.0036745583853854814,0.04829843850419506,-0.19154220702295072,-0.0022188357892578177,0.008962194251203698,1.0935437852716652,0.0027135789566783593,-0.029532986802727763,-0.10906283244922271,-0.015548361184856285,0.0797271183449942,2.451048132538801,0.0033838862254131474,0.027243330477579406
2005-12-31,0.2388656729191894,0.0028178810285278237,-0.12485549354724414,1.0881171451420997,0.005292270725485833,-0.17981049397574392,0.5799567619910169,0.011871010699128751,0.14554131260321465,-1.0483427964647025,-0.002479005011260837,0.14622121380035552,0.08568808681764686,-0.03114548770422052,0.08545880761249039,4.5348621968668406,0.00366034967747159,0.04444106985022426,-0.19167780783009136,-0.002239482456049878,0.006373269566454291,1.0907094408830262,0.0027031796221362496,-0.03307726147878927,-0.10936091227275557,-0.015592060889228434,0.07505280101735097,2.4450282045981084,0.003361722002334711,0.02073960641297614
2006-03-31,0.23898751408675026,0.0028361151730480583,-0.12404400638301995,1.0906203510478896,0.005301345605485401,-0.17772796159757742,0.5813841116698306,0.012063132516517543,0.15318153162668277,-1.041202667951325,-0.002410661893990316,0.16041536927051414,0.08587941043833015,-0.031116291191766617,0.08835127367260115,4.538848047359004,0.003675067113418525,0.04850957275948526,-0.19183409708870175,-0.00226338732932472,0.0048480943281506185,1.0874366949112049,0.002691204911677384,-0.036305955929816135,-0.10923141914698832,-0.01557191349275177,0.07762492485621963,2.4477688570234926,0.0033721391375179477,0.023769995152586626
2006-06-30,0.2387314438835624,0.002797327441317578,-0.12856155482958123,1.0853187813986667,0.0052815473878179585,-0.183449358661274,0.5816784880063833,0.012045083209084104,0.14851731402552396,-1.0566582228653782,-0.0024299712929072813,0.15327675579120337,0.08628321335296718,-0.03105457895863186,0.09535504125342141,4.547266782416402,0.0037059812285591526,0.05722142732156156,-0.19158395816497448,-0.002225344029565085,0.009175283813695853,1.0926241979562967,0.0027104010908278135,-0.031068280713651183,-0.10917625579428594,-0.015563055307103108,0.07907865009992375,2.448965893272306,0.003376748700428821,0.025199487965422117
2006-09-30,0.23904085613887546,0.0028449255635456406,-0.12296381651304289,1.0917991977282757,0.005305110281237973,-0.1765536480138596,0.5818934953327194,0.012010137314757032,0.13649057295738326,-1.0731390970707704,-0.002453906928070087,0.14044349040835197,0.0862433649406076,-0.03105993161786183,0.09544263444157443,4.546510666355543,0.0037030057951383945,0.05672358977093097,-0.1915642216608213,-0.0022226176721583924,0.00950451645547383,1.0929988745673855,0.002711942863294848,-0.03079581545364343,-0.1090134180094566,-0.015537750509887888,0.08247731132748759,2.4524048685895603,0.003389532407326499,0.029066860312499596
2006-12-31,0.23930469827023843,0.002885932238729254,-0.11982526183517,1.0973612110437845,0.00532510531914914,-0.17131248003797536,0.5826548946742622,0.01208537244334016,0.13983192899820293,-1.0779988103119407,-0.0024358346825199134,0.14349795653478584,0.08657890550181677,-0.03100750642722603,0.1001531986663505,4.553611563314095,0.003728644319514675,0.06378727412456767,-0.19163532569176076,-0.0022339861602828437,0.008807083430688093,1.0914626284399398,0.0027065578282465122,-0.032304090117013434,-0.1088142558998481,-0.015506730852423404,0.08556708382062365,2.456613367596111,0.0034049742828449222,0.033364093665119804
2007-03-31,0.23929995724938147,0.0028857344761587804,-0.12028949690569139,1.0973096732052345,0.005324572122164617,-0.17130236934751594,0.583249385218874,0.012131016989183141,0.14230757485076342,-1.0857249185570153,-0.002429460392661476,0.1442978621999552,0.08651450063573304,-0.031016456839694926,0.09916506842519295,4.552352545723211,0.003723674410919611,0.06279897663125804,-0.19162682767925307,-0.002233017880509298,0.009092975920897013,1.0916033954924478,0.002707262240307996,-0.03228801892748625,-0.10885268102477522,-0.015512364484789124,0.08519635845372256,2.455838006553984,0.003402208677611813,0.03269422228095688
2007-06-30,0.23964648887964007,0.0029407243499864504,-0.1154318871776506,1.1047127245899742,0.005350731039529394,-0.1627395976036735,0.5836481291398637,0.012139440922302982,0.14257646110611996,-1.0969023551760388,-0.0024361030519835345,0.138786467113716,0.0863289442504115,-0.031044294341981752,0.09631678971711505,4.548535611951249,0.003709463421707536,0.05909341718794052,-0.191403750848255,-0.0021981511860878163,0.012523033366543167,1.0963157486831225,0.0027242453181661173,-0.027049862640316776,-0.10884380672910783,-0.015510629498291888,0.08548397959281595,2.4560599638758887,0.0034029965524609213,0.033131933197099235
2007-09-30,0.23973129163502793,0.0029550360009059475,-0.11338195815136262,1.1066019082940388,0.005357286796408879,-0.16025642405595783,0.5837877702484133,0.012095216142984356,0.1306120237449987,-1.112913168644694,-0.002462445560980262,0.12316492016703694,0.08571269403569516,-0.031140169134610096,0.08620883386765502,4.535544727118908,0.003662344999071535,0.04488752490017064,-0.1915208391724653,-0.0022171946877032806,0.010319278165537375,1.0937675181793745,0.0027152726521568657,-0.03021102151323784,-0.10924159297708318,-0.015573108731642644,0.07874470283512829,2.4476219572371876,0.003372641323234192,0.02367011530342484
2007-12-31,0.23955852241137743,0.0029286329874207524,-0.11567672752436049,1.1030026582999308,0.0053441341566229,-0.16404556271188378,0.5840677959780982,0.012080826556836795,0.11911401219742505,-1.125650296517633,-0.0024775640899792647,0.11296553024057998,0.0853250619005755,-0.031200673967300505,0.07933856664955015,4.527355219342618,0.0036326373106362357,0.03585692792039322,-0.19141214314301078,-0.0022001076025762387,0.012538605232433586,1.0960713440175573,0.002723667614232932,-0.02763349456726596,-0.109425001022494,-0.015602056178409696,0.07525541919480908,2.4437192551432574,0.003358624189482353,0.019249728517402476
2008-03-31,0.23904451229467885,0.002847365076043729,-0.12526260419203059,1.0920490260105276,0.005304532588162937,-0.17710943584671113,0.584463885978114,0.012091347716112215,0.11388186943966709,-1.135542776669043,-0.002483696008462391,0.10343801087504587,0.08545024936782517,-0.031179861261566244,0.08242316025922068,4.530115892126008,0.0036424127542885047,0.03970158835042953,-0.1912081066969356,-0.0021674163131134615,0.016960404654945527,1.100454541100755,0.002739578185694067,-0.021925040878731535,-0.10941498109091584,-0.015600331205522497,0.07556200896552616,2.4439471320383035,0.003359435721383687,0.019477880235038363
2008-06-30,0.23879141948679286,0.0028076011210156513,-0.1297546835424918,1.0866784354956907,0.005284996546430091,-0.1828445612304511,0.5850138865464029,0.012137364464282221,0.11848500137732566,-1.1416862954808584,-0.002474927873284552,0.10448746368145706,0.0850892707331429,-0.03123737632008322,0.07510196932121561,4.522385849435239,0.003614113832144046,0.03127325424209679,-0.19083708578694603,-0.002107307955135424,0.025470274307912,1.1084858124942507,0.0027691785814519783,-0.013672119031362336,-0.10968540062960125,-0.015643971220848304,0.06964551115966362,2.4381076885282993,0.0033380237214159928,0.013302311423031178
2008-09-30,0.23857434652372128,0.002773247349158733,-0.13410629175883756,1.0820516055237377,0.005268099293552889,-0.1886327891881084,0.5855016479760621,0.012173896240839602,0.12329036780534541,-1.148642920557481,-0.002469956243581847,0.10769966938519891,0.0855675441084904,-0.03115926264994406,0.08718893633973442,4.532795015823824,0.0036522414505065354,0.04564756420815216,-0.19076777285408303,-0.002096051393008175,0.027645454636157196,1.109983815373629,0.0027748469064762557,-0.01082474015658088,-0.10962239450320568,-0.015633858449005722,0.07081967148979937,2.4394657644510414,0.003342902606055516,0.014504960887835747
2008-12-31,0.2363968574369178,0.0024177634055094557,-0.17084882709730587,1.0347212607200216,0.00509290637977484,-0.23729534645964356,0.5860367549187819,0.012219792987886119,0.12591186521791178,-1.1542077511321627,-0.0024606081453754486,0.10860265541697148,0.08526694448483091,-0.03120798662068539,0.08144527885413262,4.526291515820484,0.00362817019794282,0.03802089268848193,-0.1902996943897314,-0.0020191244634917577,0.0341662176949316,1.1201941718529418,0.002812999741843155,-0.0015416756726197994,-0.10938638275937718,-0.015595431154988407,0.075415754461761,2.4445905149828113,0.0033617368525037166,0.020147379682518323
2009-03-31,0.23332598820385356,0.0019128189322886921,-0.1754006858584526,0.967732110290755,0.004843715765501195,-0.2983097931766614,0.5880447097093191,0.012547503011425268,0.09585609271329686,-1.1289174362034529,-0.0023224478694503854,0.12991973526060147,0.08472850963406987,-0.03129616831537704,0.07841421394913084,4.51457387122118,0.0035846247784158615,0.026341108127078055,-0.19017523627147895,-0.001998613731603815,0.03131936480024085,1.1229054067898137,0.0028232426280193437,0.00011845114284785713,-0.10910475199453655,-0.01554929395446332,0.07755799902299232,2.4507240112592723,0.003384415928186862,0.026234454863971735
2009-06-30,0.2347295683772633,0.0021445391525364435,-0.1622221697641633,0.9984271933865346,0.004958183232800809,-0.26741816959651554,0.5886471199306277,0.012613657874761182,0.10410512926901135,-1.1323034266732988,-0.0023019388140315127,0.13810247695975952,0.08488801763291988,-0.0312697312580026,0.0791580692148842,4.518072067766853,0.003597624511305993,0.02933459785742462,-0.19033767406119728,-0.002025527133924452,0.028925053729785568,1.1193399686578382,0.0028100231328326538,-0.003650594390891146,-0.10936392140394965,-0.015592556490949103,0.07460612219695963,2.4450282948017383,0.0033628585420239793,0.019978120729641387
2009-09-30,0.23605928501691142,0.002365049757522473,-0.14486888615834057,1.0275596536512321,0.0050678754440700545,-0.23821941764813423,0.5890849939457745,0.012646163171129703,0.10999374409484527,-1.1386472335936042,-0.002297184932369247,0.1383481553264365,0.08558393131433022,-0.03115352583307121,0.09170699553284822,4.533363408445829,0.0036558394045055603,0.04529245490419041,-0.19060592379981187,-0.002070450159376921,0.02350041791723423,1.113430939548617,0.0027875519152286937,-0.009917364181038411,-0.10916901651780266,-0.015560044683839473,0.07931332010445696,2.4493075160981324,0.003379142570404507,0.02497000974040982
2009-12-31,0.23642438272880822,0.0024242357355166375,-0.1452214932002266,1.0354855302458075,0.005096533803129954,-0.23149069014208282,0.5893550538322866,0.01264489598611321,0.11059274399751103,-1.1479708321372397,-0.0023095588047124037,0.1350394462222695,0.08533827875854658,-0.03119488099535504,0.08601712259652018,4.527952164941811,0.0036348514072755077,0.03894194033764569,-0.1903256960700159,-0.0020223337718247524,0.028559836119518723,1.1196532055111352,0.002812403345546013,-0.0030018307797822948,-0.1093002202760665,-0.015582305599706421,0.07755373966049872,2.4464056939320344,0.0033678005332696955,0.02207998749686458
2010-03-31,0.2369357332236325,0.0025087468162254176,-0.14160994093835516,1.046671742786168,0.005138367593029473,-0.22055337570038316,0.5897838357603055,0.012678745726972088,0.1148564772797139,-1.1537083869159719,-0.0023033246306469043,0.13729839405190122,0.08566789610973122,-0.03113898779849563,0.09068444082617029,4.5352387667244445,0.0036632560226996474,0.04726323242360114,-0.1905226816103709,-0.002055516955793636,0.025490822869203372,1.115305764144891,0.0027957197646308663,-0.00788770010091891,-0.1091530984164035,-0.015557446896550007,0.08045907758202134,2.4496518829300644,0.003380405687302806,0.026101723576693176
2010-06-30,0.2361215255540324,0.0023672611754166134,-0.16170626912405384,1.0284911330292603,0.005064401235948808,-0.24018418559682414,0.5902882815688557,0.012728903984408823,0.12109078646265614,-1.1575032405350312,-0.002288608072427912,0.13847334252621052,0.08540574024351309,-0.03118360132842923,0.08499553162379865,4.529436978098933,0.0036403844046935144,0.04066712073217958,-0.19051416985832753,-0.00205345751926742,0.026279858173946534,1.1155229675850427,0.0027971868396285166,-0.007776341222292784,-0.10922038890682806,-0.015569071687158697,0.07938541537685934,2.448152390080475,0.003374358297275204,0.024664840083661863
2010-09-30,0.23661188370057692,0.0024494379060056486,-0.15605043765136964,1.0392790458533994,0.005105719817006099,-0.22967691718656874,0.5907395606571199,0.01276960115538524,0.1247047078165711,-1.1619875587392374,-0.0022786871274612323,0.14017696717650607,0.0851578723182552,-0.031226056536363504,0.08026335189658075,4.52393512612216,0.0036185655245134386,0.03442348117175034,-0.19053377974805727,-0.0020562429996878375,0.02608946889461266,1.1151156735150722,0.002796081782689719,-0.00816961488963492,-0.1091516311183281,-0.015557338901930477,0.08070309745973636,2.449676153525454,0.003380346240836199,0.02636213650215935
2010-12-31,0.2373385231120596,0.002573274971448214,-0.145726920308874,1.0553826188060693,0.005168722118618801,-0.21230456059449815,0.5912293204790144,0.01282088931079936,0.12980809477688315,-1.1652000583390838,-0.002263037600811782,0.14702769216492667,0.08519539033421855,-0.03121949576782561,0.08039772250063786,4.524776469996098,0.0036219553862580156,0.03506843554700832,-0.1906982121604703,-0.0020843407515142073,0.02351618408437536,1.1114641520153492,0.002781826714368115,-0.012253205315022405,-0.10890655570649578,-0.015514897490082504,0.08506312484872301,2.455145639540077,0.0034021632552470957,0.03292880586170586
2011-03-31,0.23780602906447096,0.002652966024884835,-0.13840908608633345,1.0657474476076574,0.005209377940436682,-0.2013040010135962,0.5915180121325505,0.012830255708211032,0.13024695345671683,-1.1724117431350134,-0.0022689209978544356,0.1446888499365454,0.08513384027418615,-0.031230201212348693,0.07870550372439819,4.5233996787423845,0.0036163946890162353,0.03317034482196923,-0.1908265454245351,-0.002106297799405022,0.021223601108277167,1.108611612025259,0.002770643075594073,-0.015413305086780472,-0.10893421160670247,-0.015519729502348333,0.08480837939137084,2.4545261887232632,0.003399662258007668,0.03224300555873087
2011-06-30,0.23785815730385051,0.0026604272642587524,-0.1392957372392371,1.0668195563260916,0.0052126086769266715,-0.20111465489452574,0.5917052189389646,0.01281954021882785,0.1268211541894188,-1.1815427526236169,-0.0022856970801029197,0.1398628380994647,0.0848461286497534,-0.03128072412901229,0.07219306074713394,4.5169315870919124,0.003589976477439996,0.025387347415175815,-0.19064533606697529,-0.002073516478944901,0.026012257256864686,1.1127429249458063,0.0027882184661372498,-0.010230535336261849,-0.10923080603883194,-0.015571859298718634,0.07862689504697234,2.4478561996693227,0.0033724106514319858,0.024402282923893032
2011-09-30,0.23672221051209105,0.002457920726852286,-0.16150045063931273,1.0410870813758784,0.0051058727804821295,-0.22976122107504587,0.5916201202674414,0.012754717687897923,0.12342264453493598,-1.1962552880155433,-0.002329650614279373,0.13218995467129668,0.08461902108444347,-0.03132096984159487,0.06800903597123682,4.511800610210758,0.003568861103267883,0.01981428689485872,-0.1902431615858749,-0.0020012324936757656,0.03326652248141508,1.1218916199816982,0.0028265408297149432,-0.0005556535192114721,-0.10932722588921909,-0.015588899938081522,0.07714061479851035,2.445681439352863,0.0033635015955329984,0.022090733130053178
2011-12-31,0.2370390485659812,0.0025128484488292843,-0.15657341376186218,1.0481709430456196,0.0051342706596590034,-0.22249595060984456,0.5922635264023596,0.012841123767026381,0.1287700072476081,-1.1946322560313831,-0.0022959223507598874,0.13583643533886777,0.08477730777829638,-0.03129312312402802,0.07100058820340682,4.515362481907418,0.0035834170725167953,0.02378146674736816,-0.190208343088387,-0.001994325786794569,0.03356204144201272,1.122724714852295,0.0028302472049341844,-9.108186559892914e-05,-0.10907638465072335,-0.015544242469626662,0.08165366913502983,2.451363290126599,0.003386843680719161,0.027928452969456993
2012-03-31,0.23786500436943256,0.002659613166382757,-0.14047408970538652,1.0668710648196797,0.00521068959304838,-0.20117654349643022,0.5924585960683502,0.012835265068004788,0.12617287032997,-1.2027567796141136,-0.0023081741186764524,0.1297769058300824,0.08478787735231305,-0.03129162222931776,0.07093770077542016,4.515574589148267,0.0035842127031012493,0.02381370316048869,-0.19044267383940092,-0.0020359367860309963,0.029007573019821146,1.117419823361603,0.002808594247855145,-0.006048631213393711,-0.109206145544741,-0.015567544909555595,0.07917239608761496,2.4484095799393204,0.0033747057912232705,0.024547074360128016
2012-06-30,0.2376027738005813,0.002610896370404532,-0.14721751933778304,1.0607901496525753,0.005185015462601919,-0.20795003526232153,0.5927296913272421,0.012847572378341082,0.12783826195139852,-1.2086901812767818,-0.0023108280815708915,0.12924787256353365,0.08473222611638064,-0.03130208032157467,0.06958228402044477,4.514273389417676,0.003578734845071342,0.022686502032385467,-0.1903963092234233,-0.002026696906153059,0.030580594612641916,1.1185385082624022,0.002813534443121935,-0.005002540127065719,-0.10905520031103344,-0.015540288213084912,0.08259178768676996,2.4518575868060912,0.003388986005962659,0.028277638481399317
2012-09-30,0.2376391879145323,0.002616303518082154,-0.14666245163647904,1.0615427032892577,0.005187740640841489,-0.20764808331040274,0.5930839801886184,0.01287836873757644,0.12996785502517805,-1.2124113303565747,-0.0023040532586914263,0.1306737208298507,0.08503867420677173,-0.031246967567776496,0.07493411133347712,4.521257644911974,0.0036074939312280164,0.030233184842402967,-0.1904954975474267,-0.0020440443409086885,0.028726271814762325,1.116310874004393,0.0028045248756178236,-0.007248129976068447,-0.10888657474357062,-0.015509631149994086,0.08515904362544492,2.4557256387177535,0.003404968212890149,0.032542573360021664
2012-12-31,0.2376717101973516,0.002621113012842213,-0.14685730793069574,1.0622120435497184,0.00519017905923759,-0.20726962424768483,0.5933357407849881,0.012888822418785079,0.1312830146178504,-1.2181858534864551,-0.002307124588815906,0.1299253966430392,0.08535230047776458,-0.03119009151591493,0.08153418674491728,4.528441582313435,0.003637152066490076,0.03785317803241807,-0.1907146451065115,-0.002083635480364703,0.024340072889113575,1.1112991068989801,0.002783936270070849,-0.01237095898773249,-0.10873027803372451,-0.015480920376160183,0.0888328401866903,2.459333666967303,0.00341992646040358,0.03639276168563018
2013-03-31,0.23812339780928388,0.0027032799007942585,-0.13911089372018348,1.0725838194788977,0.005232913611274519,-0.1967583574809328,0.5937010455347537,0.012924356452994126,0.13462167107979883,-1.2209878300553412,-0.002297510215161826,0.13175663609839539,0.08547998276349875,-0.031166907072909884,0.08385369422242389,4.531369085096689,0.003649247081025632,0.04096210611045901,-0.1908910012676513,-0.0021155584875888625,0.021366113577972155,1.1072605207794621,0.0027673357609312903,-0.016489567448529557,-0.10849189320121415,-0.015436834092906433,0.09303762827971798,2.464860167481948,0.003442883880425547,0.04216860337913592
2013-06-30,0.23822895109221678,0.002721993390432933,-0.13728971440333718,1.0749737683269636,0.005242628986123461,-0.19449682019076983,0.5939917217523429,0.012945264984602658,0.13744021064121695,-1.2252321825704622,-0.002294923657735077,0.1320062632084988,0.08565433343329873,-0.031134782488260876,0.08738524222189314,4.535403389116649,0.003666019835762642,0.04508547573773457,-0.1910567372235964,-0.0021457888416706525,0.018202813735089668,1.103446674427357,0.0027515874204105304,-0.020298363430097388,-0.10856023013018906,-0.01544919069116856,0.09198945579143179,2.4632984113419782,0.00343646257813258,0.04055048565645218
2013-09-30,0.23846158046825142,0.002764722737153736,-0.1329252241375005,1.080350126239088,0.005264955450850173,-0.18938987871277396,0.5944778064932729,0.013008678943065231,0.1447404271272269,-1.2245137957024854,-0.002270027900966394,0.13510927574976103,0.0854743561036258,-0.031168289988438454,0.0839672868720949,4.531213238217397,0.00364854012664038,0.0409094226934135,-0.19118897864758508,-0.0021699988811689297,0.015713803946886727,1.1003958959075777,0.002738920268408056,-0.023210268037172438,-0.1087543360316422,-0.015485018378057838,0.08840656825599974,2.4588034202810363,0.0034177742030055015,0.03603438664792001
2013-12-31,0.2389527431224552,0.0028565315184511785,-0.1224452159310712,1.0918224533895908,0.005313322589692228,-0.1779754888441399,0.5946395364660002,0.013004007903089674,0.14372933957553374,-1.2313291505157178,-0.0022807057998263515,0.13294929016543935,0.08550222231725035,-0.031162985480558465,0.08472164673771689,4.531872365625376,0.0036513997057143117,0.04154309432384494,-0.19113318783590116,-0.0021588875803447457,0.01709031530558683,1.1017497559869032,0.0027448169316672904,-0.02189524182583041,-0.1087832664699413,-0.015490031958350223,0.08812382254906918,2.458159916713748,0.0034152378038186807,0.03533094083201861
2014-03-31,0.23882770282797508,0.002832667214361959,-0.1252616374435195,1.0888671035153954,0.005300751744001765,-0.18100145544332372,0.5949497783543003,0.013032227740296132,0.1464323043133533,-1.2342444432180733,-0.0022733080987822067,0.13381208061094357,0.08569435374830359,-0.031126617236199423,0.0882396094845006,4.5363964693935905,0.003670677612498463,0.04575255586876686,-0.19131939768455825,-0.002193833658805902,0.013861853943239247,1.0973865863224899,0.002726293903479435,-0.025943575075342,-0.10877365258943641,-0.01548779886921151,0.088306023922929,2.4584200779958385,0.003416527130768965,0.03542314135160157
2014-06-30,0.23901042531768965,0.002867415276616731,-0.12180047116143596,1.0931872498591864,0.005319231784825062,-0.17654767498635485,0.595004754897988,0.01300605443820618,0.1439561894122583,-1.2432305256926264,-0.0022955002043036537,0.12769168480020865,0.08568685673578708,-0.031127802724946068,0.08821885964872002,4.536240034887351,0.00367013109997455,0.04570061085003222,-0.19129990162204977,-0.002189719173260188,0.014258541059716003,1.0978771191982188,0.0027284930853970495,-0.025525617276959123,-0.10893555351668821,-0.015518176353821052,0.08520578814744953,2.4546299289247857,0.0034005326628153702,0.031579968490072274
2014-09-30,0.23890390979016654,0.0028471797799755004,-0.12406760476764823,1.0906764124154562,0.005308566882168547,-0.179183160178973,0.5948187888426769,0.012929127723459414,0.13486155107983033,-1.257862379912771,-0.0023445071031178476,0.12074484154602844,0.08555520127383132,-0.031152652998062278,0.08567011820259182,4.533146242432442,0.003657030206496692,0.04266411855808322,-0.19128304295554954,-0.0021861652772307678,0.014602368837133659,1.0983010177533437,0.0027303926209638458,-0.025166011214185664,-0.1090240192815443,-0.01553472295020117,0.08352066196055365,2.4525630974331882,0.0033918369986403528,0.029569076540955187
2014-12-31,0.238991529942822,0.0028643335453735303,-0.12303217079621315,1.0927915997979105,0.00531778067482279,-0.1771961299580127,0.5953218260089979,0.013002393762964717,0.13854619381386007,-1.2551348717192452,-0.002312181421701836,0.12775381543408942,0.08545883828879879,-0.031170863136101772,0.08386374041996425,4.530879892263516,0.003647426194164847,0.04042473399258438,-0.1913297024282538,-0.002194966227090952,0.013893551611964296,1.0972013121712962,0.002725703299431196,-0.026294530405837704,-0.1089260504514433,-0.015515517983067573,0.08524735576867301,2.4549261197856995,0.0034021284515335206,0.031867624331089396
2015-03-31,0.23869762826150154,0.002807786941026726,-0.1274488011487835,1.085794005527156,0.005287775716883276,-0.184259572439321,0.5961499710392609,0.01314635807198398,0.12821621169263642,-1.2443075855154655,-0.0022429730298427664,0.14632669597395823,0.08533749282131746,-0.031194035517556142,0.0821226155728229,4.528004887286678,0.0036351659178156296,0.03753748189924998,-0.19131059798609198,-0.0021910558178563754,0.014262875476788145,1.0976733751412528,0.0027277921172648126,-0.025872026012620477,-0.10896831649344824,-0.015523390096010808,0.08447604119354923,2.453941335329452,0.0033979983675833823,0.030890007919901465
2015-06-30,0.23840157564328626,0.002750475821333402,-0.1317175072697818,1.0787131135103252,0.005257354649107108,-0.19108236253337404,0.5966539167656265,0.013221495097993936,0.12844749040876088,-1.2410884550018586,-0.0022102314822419924,0.15175223361922985,0.08545664284636283,-0.0311706132851463,0.08315063313299083,4.530886719459408,0.00364765540117071,0.04028695777789483,-0.19144122325520535,-0.0022165316370747266,0.013275663166082205,1.0945283189936914,0.002714249270039384,-0.028822577768807253,-0.10905968412719659,-0.015540906770893528,0.08325925309401931,2.4517697737714985,0.0033887291814630447,0.02878199897542614
2015-09-30,0.23808062980547323,0.002687785141276684,-0.13828345013469734,1.0709857034119785,0.005223950261324337,-0.1990604221282901,0.5964941643646716,0.013149470000981964,0.11174012292794797,-1.2549670858312094,-0.002257007186290911,0.13747911314637268,0.0852804366773861,-0.031204898880152824,0.08014499245623875,4.52665518769013,0.003629421186958236,0.03603821162917787,-0.191353472219098,-0.002199112931825195,0.014781707678172168,1.096663390796507,0.002723548154182224,-0.026694912653455208,-0.10929889923143055,-0.015587630953264531,0.0788503381201858,2.446008688097502,0.0033638408590949587,0.022858280779614052
2015-12-31,0.23810367906432905,0.0026925586524068497,-0.1381917066989436,1.0715658924398357,0.00522653063406078,-0.19847415090619835,0.5966973171629301,0.013161451584591007,0.11426221685638668,-1.2586691041393934,-0.002256945518022274,0.13743759939525632,0.08519568473014116,-0.031221409858475036,0.07932050298536386,4.52461790565068,0.0036206511858804633,0.03404695478518376,-0.19146568533845287,-0.0022213647205583755,0.014011414185990364,1.093928603454169,0.0027116573569520666,-0.029527038217136047,-0.10921904461986762,-0.015571702867896015,0.07987357937838328,2.447960610388431,0.0033723689336593444,0.02483993946982256
2016-03-31,0.23782045325452786,0.002636439200147753,-0.14069436581168399,1.0646738198855092,0.005196624601545448,-0.2050195355818659,0.596946353310276,0.013184348246033819,0.11639304204589437,-1.260984121763689,-0.0022509711019023902,0.1383212537173097,0.08547656945705717,-0.03116562194899377,0.08194054202695562,4.531465086599794,0.003650427311371157,0.040695358992926256,-0.1910890236683894,-0.0021461548008783055,0.016716961940747885,1.1031449329007186,0.002751791093060768,-0.020847573320828386,-0.10882228974407318,-0.015492810742945264,0.08352268980897516,2.457640368658291,0.003414472765431538,0.034142745398911864
2016-06-30,0.23777957330425217,0.0026282337386164143,-0.14148770447933143,1.0636695385161217,0.005192311935624761,-0.20565766371375208,0.5972554126852729,0.013221402175458072,0.12036523179646136,-1.2615242871872758,-0.002237661884417456,0.13913807163293457,0.08550950080176745,-0.031158900673393348,0.08246720012300592,4.532284142361431,0.00365400855019968,0.041374058120632384,-0.19130394610220736,-0.0021893662247987953,0.014417790807409103,1.0978555899092781,0.002728811721750122,-0.025318648687571377,-0.10875611000343244,-0.015479410807026013,0.08463483952900838,2.45927655603235,0.0034215988232224022,0.03547158721834411
2016-09-30,0.2382146254839929,0.00271557662270104,-0.1349926373943909,1.0743607791731138,0.0052387147754270336,-0.1953666908470407,0.5974999288257015,0.013245913081553248,0.12721224374409112,-1.2633273449155655,-0.0022308026448354546,0.1409469576522238,0.08542758643972875,-0.031175146984926964,0.08156691269591873,4.530289076227504,0.0036453735965597776,0.039523815884293365,-0.19151372066066658,-0.0022319137092533083,0.010279927259272582,1.092659713324971,0.00270628134865062,-0.030492374273086993,-0.10899478019288569,-0.015527169102583536,0.08134903245444051,2.4534253862010704,0.0033962398539149454,0.02990780334953095
2016-12-31,0.23836620056342364,0.002746067951200261,-0.1338112797062042,1.0780908700617977,0.005254923737698318,-0.1918229367489718,0.5978625075929207,0.013297437996488283,0.1307858718035217,-1.2619209082690956,-0.0022100190545971915,0.14592138467423693,0.08640829802962452,-0.03097698713616885,0.09351115394609796,4.55450161843882,0.0037503508143758857,0.06282688343022236,-0.19143842647650108,-0.0022166520666283248,0.011506697355313188,1.0945217172569515,0.002714355568265663,-0.02875332419958164,-0.10876191033187733,-0.015479836095877574,0.08453780505919357,2.459199623560327,0.003421279661269987,0.03553531226960935
2017-03-31,0.23867583402673814,0.0028089716707486723,-0.12933089186522229,1.0857650376909684,0.005288412042676825,-0.18475052373585885,0.5978078650241523,0.013254869901445613,0.12639448535956632,-1.2713581952721063,-0.0022380942813535927,0.14114658711917596,0.08589137450896982,-0.031081460497620107,0.08664487053602017,4.541737620309874,0.0036949128709054015,0.05076422668963152,-0.19146503929973888,-0.0022222084407798283,0.011160181393133104,1.0938478017291766,0.002711382916731833,-0.02937643375533273,-0.1090740080046237,-0.0155430567524859,0.08027103389667208,2.451480495823501,0.0033876890752109487,0.028361358327224955
2017-06-30,0.23863369362970885,0.0028003524956779235,-0.130447225145339,1.0847152931567048,0.005283866631520922,-0.18583762957170727,0.5980385809670253,0.01327805750389735,0.12939382455126613,-1.273024703685576,-0.0022312941454410416,0.14140487473411356,0.08567721795387813,-0.0311246329669267,0.08428699482764328,4.536459343153117,0.0036720375063718663,0.04580445305489676,-0.1914987460877818,-0.0022292724880865773,0.01101480924041182,1.0929924245306464,0.0027076286619602975,-0.029976459598797644,-0.10925707672780247,-0.015580266780647606,0.0783865080039178,2.4469415878449596,0.003367946976502859,0.02445738535782795
2017-09-30,0.23871383618554717,0.002816938111748944,-0.13004710034472963,1.0867281680819108,0.005292617338150856,-0.1842559125067421,0.5983583623539871,0.013322304739790736,0.13231084084261402,-1.2721473755465018,-0.002213878838584448,0.14353095037403824,0.08580305894273119,-0.031098234741447975,0.08598713822662439,4.5396515791652705,0.0036859789377320334,0.04825853514928902,-0.1916723692338458,-0.0022653829448123974,0.009423179323742743,1.0886148034867773,0.002688610329788246,-0.033575030461677556,-0.10927648928054229,-0.01558410114196615,0.07856140216312985,2.4464701884396,0.0033659390217303693,0.02401915390884661
2017-12-31,0.23906462438137221,0.0028897740913424036,-0.12494199953207658,1.095560712589811,0.005330975189805261,-0.17675654868678012,0.598268740166424,0.013273488586133598,0.1286241757723085,-1.2819459470170775,-0.0022434109648304746,0.13873639870448842,0.08578406441599579,-0.031101579768967373,0.08624059536464769,4.539226134115484,0.003684168152748623,0.047673406426985004,-0.1914440490388021,-0.00221802934135966,0.01294142193363223,1.0943584535708117,0.002713556380333791,-0.028673214613050505,-0.10941523400124095,-0.015612744926851583,0.07671227284619724,2.442991219881272,0.0033508622709422843,0.02099510904310911
2018-03-31,0.23906478809977105,0.002890162865902576,-0.12469211985968331,1.0955962778431274,0.005331101001622686,-0.17673546927766756,0.5983232360792314,0.013258360585259605,0.12747450449391656,-1.2877327744010818,-0.002255727982095325,0.13617949954430456,0.08557493860956249,-0.031144464144546236,0.08343413651162282,4.534007779370498,0.0036615356332560392,0.0429803362148993,-0.19151342454691062,-0.0022328312504872896,0.011495911691306579,1.092575838454224,0.0027058467286481614,-0.03023913535736703,-0.10967452519806192,-0.015666765991543645,0.0723704640144586,2.4364458278654886,0.0033225035108065326,0.015209134490009305
2018-06-30,0.23924627691428946,0.002928664730095718,-0.12150973857394258,1.1002399682015973,0.005351207285015756,-0.1725163819184757,0.5986491729282178,0.013307894126627806,0.1351138575979861,-1.285863749414149,-0.0022355774429983102,0.14093106743552286,0.08526615181796666,-0.031208495361313145,0.07882593268280086,4.526239055739358,0.0036278453523441497,0.03599438214482044,-0.19174297764846093,-0.0022815133480148984,0.00737621098333963,1.0867035065070443,0.0026804168236371465,-0.03556777492632698,-0.10971653947350556,-0.015675710896827934,0.07173794334876059,2.435367707357832,0.003317860880188144,0.014156614081942758
2018-09-30,0.23963407650889493,0.0030110233210941563,-0.11452230534994956,1.110172782909286,0.0053941322083134995,-0.16257761164804055,0.5985680385884568,0.013261080563956173,0.1303669202955779,-1.295180589537063,-0.002263216550634849,0.13080776166277744,0.08496114002783785,-0.03127224919756119,0.07395416441768717,4.518519010063351,0.0035944221950942874,0.028615807637770333,-0.1916677189878761,-0.0022658787383902125,0.008604461208735781,1.0885990638815228,0.002688645021334507,-0.03390203960252014,-0.10979909266336471,-0.015693374914931914,0.07027492575299736,2.43324088987841,0.0033087066109547033,0.01183455387027424
2018-12-31,0.2387149308965031,0.0028170917343925722,-0.13007415088449198,1.0867456593265585,0.005292837463203407,-0.18374052473925875,0.5982609655815623,0.013163030513890108,0.12295451309806336,-1.3103105423527333,-0.002315887932128835,0.12062797113677795,0.08506331103919051,-0.031250439520872794,0.07595754635671625,4.52114546978148,0.0036057911112991393,0.031048720908839957,-0.1916766989892154,-0.0022681500585289755,0.008386849725942539,1.0883354989150862,0.002687557938821381,-0.034137433278501404,-0.10958556999847338,-0.01564850742064673,0.07393360774343835,2.4386660487734573,0.003332210593818747,0.016713747461018003
2019-03-31,0.23913060413097192,0.0029063481257007857,-0.1268120838420139,1.097483775054563,0.005338857619894747,-0.1738684626280331,0.598647295849268,0.013228095690894542,0.12128204638221687,-1.306386232473256,-0.0022883645045432377,0.1274045334343531,0.08481720114397655,-0.03130266676185401,0.0739979779671579,4.514843861006105,0.0035787189053499767,0.025253031121669982,-0.19166833626518437,-0.0022667277243220807,0.009160988892748169,1.088516897517534,0.00268842154380946,-0.0340458796338382,-0.1096731261199989,-0.015667544300571906,0.07388035233480293,2.436382167473448,0.0033224993617632054,0.014542434336208788
2019-06-30,0.23939304440534226,0.0029634346078380503,-0.1214061193490765,1.104333239132159,0.00536790061864818,-0.1674288914215506,0.598571661239738,0.013184484254917278,0.11594368702843029,-1.3150323859536892,-0.0023123327527730347,0.12061320378187661,0.08473412484649845,-0.03132052690306785,0.07227599071222496,4.512694275557761,0.0035696196657172565,0.023222057954111704,-0.191606101768299,-0.0022537304203129587,0.010086121429044784,1.0900906524336713,0.0026952489638524995,-0.0326484446659709,-0.10977566604934688,-0.015689991841730335,0.07181949813827888,2.4336923196490012,0.003311162597105519,0.01193441549305272
2019-09-30,0.23925692967830298,0.002935016519879212,-0.12336147549358065,1.1008915358245668,0.005352952540450134,-0.17089519524746538,0.5984235569184644,0.013125981967947143,0.11597494249255008,-1.325251085738682,-0.002343544633662491,0.11680164234758607,0.084930056898112,-0.0312786135158755,0.07512232663268728,4.5177414803772855,0.003591256368226285,0.02781036624020959,-0.19150838284875776,-0.0022329810177797228,0.011509005449381318,1.0925937482542327,0.002705987346010479,-0.030477810245673802,-0.10955860802165468,-0.015643750742565774,0.07502370613603522,2.4392665436391687,0.00333506026608387,0.01691894238706777
2019-12-31,0.23965802694921043,0.0030228762597969425,-0.1169594661347878,1.1114170351807875,0.00539706598477446,-0.16296209677998208,0.5985969053778645,0.013143618408270559,0.11918548771295827,-1.326538927767715,-0.002339154774141055,0.11724568539176349,0.08484150115650554,-0.031298030963844654,0.07376048614391334,4.515415226443242,0.0035815729599346776,0.0261665361655785,-0.19160245000361786,-0.0022538967559946215,0.010038485106139777,1.0900961093630996,0.002695642465326993,-0.03227488038241648,-0.10960707304844608,-0.015654761157069184,0.07431841680315313,2.437957806120148,0.0033297427283556147,0.016137200200857738
2020-03-31,0.23840189845761425,0.0027502929275382286,-0.13651649979974884,1.0787014274631004,0.005258563411772311,-0.19129362979148043,0.59805321907462,0.012988790959407321,0.10651720224004355,-1.347777630622345,-0.0024145923462331417,0.10109588283619811,0.08347368587745475,-0.031595846743018574,0.052174604302524616,4.4796997612798615,0.003430682800704567,-0.004580337951762263,-0.1918526796919466,-0.00230919336940578,0.005904408982162832,1.083488116476762,0.0026679584049117155,-0.037983104506923986,-0.10981274993310859,-0.01570010036319466,0.07102383625621742,2.432536303640538,0.0033070155593533093,0.011542037696286474
2020-06-30,0.2369247998819553,0.0024287605830919066,-0.14198072114256266,1.040147671308339,0.005095344661308024,-0.18421744479986968,0.6013720954318622,0.01371699748898596,0.09080091890719882,-1.2675553970499096,-0.002059768249065691,-0.004662851901872739,0.08290541527313866,-0.03172031566857136,0.054696430510300445,4.464799272032722,0.0033677736967080538,0.009151311085202726,-0.19202529196729978,-0.0023472739506064473,0.007086816115454128,1.0789372110515183,0.0026488086009162455,-0.032870737688961746,-0.10957163249212196,-0.015647937389844345,0.07369562581480243,2.438800730649538,0.00333362060026533,0.014432516165588534
2020-09-30,0.2376632155628403,0.0025915091500376282,-0.1343418727246545,1.0595972598376793,0.005177206938817961,-0.18473079053251165,0.6010827859670557,0.013626028137287511,0.0762835013575219,-1.2810874259109657,-0.0021064544686003727,0.0066949711647211335,0.08231602364617303,-0.031851422104174014,0.04418271992635628,4.449177184144238,0.00330219874855451,0.011054690269816793,-0.19187236663734406,-0.0023140132032559175,0.008980937619031307,1.0829255929532815,0.0026656992152398916,-0.031393156063797514,-0.10989050667258445,-0.015718737296739217,0.06923137300817032,2.430358105850681,0.003298185431199099,0.01564175087129057
2020-12-31,0.23856549340999156,0.0027912110823668135,-0.1255641837363318,1.0834209240350234,0.005277390916090546,-0.18465864211910957,0.6021273406442268,0.01385910739209172,0.10139721599030345,-1.2573971904005412,-0.002000730626150933,0.0006150414257237585,0.08273185608140067,-0.03176149801632426,0.049296135550479306,4.459985494908875,0.0033480312661504173,0.01645308221409116,-0.1923096919314058,-0.0024120551686014407,0.003223423341903311,1.0712791234840575,0.0026169217788895274,-0.03095471418457563,-0.10983720915771224,-0.015707553255067733,0.07058838819442058,2.431714174765881,0.003304017960594647,0.017803235365783265
2021-03-31,0.23889345897779835,0.002864244004146701,-0.12207125798113758,1.092119289445346,0.0053139607258774965,-0.1864216265125305,0.6026553616498225,0.013968864735571749,0.12497762058311686,-1.2477523715518648,-0.001952337467346538,-0.005808342098669775,0.08405063470532384,-0.03147063729491341,0.06717714220326908,4.494718238462596,0.003494470908631787,0.02221518169995777,-0.19218911369739197,-0.002385812561467823,0.004409220046449927,1.0744248177450775,0.002630226629264645,-0.02975856671881004,-0.1094314676026896,-0.015617871741320717,0.07690523443563549,2.442414453161323,0.003349134589883325,0.019917894438566525
2021-06-30,0.23935093663413665,0.0029668655769308342,-0.11386235931578136,1.1043164727530181,0.005365558914710866,-0.1889090221958756,0.6024976404199515,0.013909701543826534,0.11342123758710687,-1.2573638750768663,-0.0019853839666205586,0.0038156802969556147,0.08385582661240727,-0.03151627572573599,0.061042725498252334,4.489367304610352,0.0034719213261080197,0.026262472204869595,-0.1920865712895092,-0.0023635575821045803,0.005176974847985124,1.0770942716620495,0.0026414810147069668,-0.02862963893801056,-0.10960639689139763,-0.015657651574759075,0.07328998955346523,2.4377069976091916,0.003329282298901675,0.02179175110124595
2021-09-30,0.23922085680621832,0.0029379744838561794,-0.11702965408484205,1.100878242452758,0.00535106131830574,-0.19009427437689083,0.6022527001976226,0.01382953372581215,0.10459323922573274,-1.2693477364279944,-0.00202847582471601,0.011558061177131193,0.08406958877394734,-0.03147021687651503,0.06323533440918529,4.494907037950434,0.0034953692092790966,0.02895689570538021,-0.19193521885179168,-0.0023301532389476067,0.007219382176718043,1.0810819304982529,0.002658319208667915,-0.02788128957298241,-0.10968933985832072,-0.015676910506115943,0.07167914957197935,2.4354393450177607,0.0033197364226964436,0.023168637349480707
2021-12-31,0.23954582276348668,0.0030120444731546606,-0.11250747535145084,1.1096588131764422,0.0053881152664610864,-0.19208445814004402,0.6019670150262523,0.01374011004598185,0.10083065754327393,-1.2823700724984302,-0.00207558738040528,0.018075220879672074,0.08428041961789037,-0.03142441833264191,0.06595199915862987,4.500400182251214,0.003518620430879195,0.0309689725334339,-0.1911055753660393,-0.002142214863886252,0.02076076893002171,1.1033819741384066,0.002752433115330513,-0.02957272104556258,-0.10939652974172567,-0.01561125423666623,0.07675289885091101,2.443247940931821,0.003352737426095514,0.02355648814915153
2022-03-31,0.23888796432886167,0.00286314913772135,-0.12428234339947751,1.0919885224882209,0.005313534257568184,-0.1905047964450546,0.6018078735570461,0.01368249106820748,0.09971077338779465,-1.2916629927188497,-0.0021071260952999866,0.024854643760796935,0.08522171665597508,-0.03121233126404288,0.08112328579775821,4.525606843477737,0.00362505745175294,0.029213553473589088,-0.19133261827976955,-0.0021948741535322575,0.01652277332853747,1.097162972751093,0.0027261896156007518,-0.027216137062712413,-0.10848247353321237,-0.015403872908387902,0.0921928819253732,2.467857162412716,0.0034566373418639315,0.019995637617045967
2022-06-30,0.23792060562842834,0.002642482175003954,-0.1491386307678239,1.0658212977425703,0.005202925184377473,-0.18683718026733181,0.6017970803125201,0.013660892146445246,0.09296830409212642,-1.296756365995593,-0.00212118597720703,0.030392607197124513,0.08550512291710262,-0.031148830303561706,0.08768089693050968,4.533170063518145,0.00365706171893387,0.029656097170347808,-0.19108382642511915,-0.0021381688497745946,0.02359369483179311,1.1038956452269788,0.002754674959980495,-0.028125959127774873,-0.10844797776511783,-0.015396175678514834,0.09462140232085874,2.468778333855504,0.0034605887892637773,0.02054497377500401
2022-09-30,0.2374826502655908,0.00254230359403809,-0.15767914571591762,1.0539403698750742,0.005152726253780751,-0.18519203728318126,0.6019137639733964,0.013673040368092143,0.09830197504208507,-1.297787973803605,-0.002118022734746344,0.03148406690765056,0.08526173308345128,-0.031205536188949074,0.0818524966265931,4.526473158324428,0.0036287828756303266,0.03230471910831412,-0.19143765426799236,-0.0022205424000710443,0.015014699542394459,1.0941538216959945,0.002713478476134369,-0.02501049325998411,-0.10888027999139147,-0.015495559632785118,0.08573276011784361,2.457005928173474,0.0034108682528211764,0.023568139221082363
2022-12-31,0.23730840607682574,0.002502284928498968,-0.15819729146563227,1.049191527867514,0.005133049401700369,-0.1846163314469077,0.6021023403170951,0.013703248732753946,0.10090719372992882,-1.2966550545613096,-0.0021067080047348407,0.032165363404195596,0.08614461725710727,-0.031002599618987457,0.09481401499459026,4.5505442256587045,0.003729708193440147,0.02747898794835856,-0.19083043627640967,-0.0020801259499088195,0.02220798966564445,1.110801351208283,0.0027830205340432625,-0.029145572383753253,-0.10782015327788808,-0.015250700918221062,0.10098602259618672,2.4860290959341476,0.003532379491643379,0.016635843457827655
2023-03-31,0.23744323822853824,0.002533482069592686,-0.15481677508746514,1.0528840251944507,0.005148793607018471,-0.1859239454161984,0.6020600512837999,0.013676198576718021,0.10319101200488748,-1.3021636850148517,-0.0021217173346671564,0.03579131517891937,0.08534335396252667,-0.031188536211434956,0.08166359714835451,4.528521650210918,0.0036381176210754378,0.03400901988923913,-0.1907872297181542,-0.0020703788571344215,0.022818888978181278,1.1119668514221193,0.0027877503620080766,-0.029133392572597616,-0.10825540510011734,-0.015351339656881272,0.09439987930077064,2.4741062902719153,0.0034826172361694142,0.019977912927156782
2023-06-30,0.23771357971253498,0.002596273273336897,-0.14950615345134502,1.0603216426595832,0.005179832872575904,-0.1883307739618168,0.6020098243691797,0.013647391296925621,0.10485594494010052,-1.3078299132968625,-0.002136966991009315,0.03973283971833513,0.08488792754016766,-0.03129478047525112,0.0740910253928837,4.515939535418707,0.003586237784659919,0.038236206865252836,-0.19063233015549172,-0.002034230012839648,0.025309916219764864,1.1162599713952053,0.00280503832823702,-0.030402088653605604,-0.10859496969402,-0.015430028490720598,0.08921270732722533,2.46478356629717,0.0034438771670964427,0.022728743094328215
2023-09-30,0.23726581414170522,0.002490791038367451,-0.15594503488960912,1.0478154650942475,0.0051298390410088445,-0.1837624760317642,0.6019069098777885,0.013605468116981306,0.10579787666050225,-1.3149938436506854,-0.0021571428948399638,0.04478763909273534,0.08523967463918762,-0.031212571127189063,0.07976031151867428,4.525690495368477,0.003625782191311716,0.03519645382900019,-0.19036900529557138,-0.0019721792587400646,0.029414320744304542,1.1236233551914048,0.002834304827986851,-0.033137313524092694,-0.1086988520512533,-0.015453804362029021,0.08779632432185093,2.4619681407790983,0.0034318824949101136,0.02342250541526466
2023-12-31,0.23791724583534637,0.002643913832160496,-0.14240546357354633,1.0659623796452462,0.005203446842996669,-0.19058706158953748,0.6019466834495091,0.013600220206162045,0.10809662186353723,-1.3177685897694962,-0.0021622065370101385,0.04702085449675876,0.08555336728023,-0.031138825244863905,0.08639632965463977,4.534436666027407,0.0036610160458369133,0.032104639815362344,-0.19067572107782352,-0.0020449073592512506,0.022978617249647608,1.115010213917294,0.0027997379272466307,-0.029408612795028995,-0.10883687369419051,-0.015485776144137759,0.0855497720636529,2.4581806437187095,0.0034161156171890004,0.024571072101631636
2024-03-31,0.23813447205530036,0.0026948224709322545,-0.1392900544849389,1.0719943546303654,0.005228082711525858,-0.19280875970479264,0.6016137713256838,0.013500387639715485,0.11099279310025685,-1.3316343696589301,-0.0022067675234143445,0.05631423208651144,0.0856181007940337,-0.031123541244122796,0.08681504970428193,4.536251970822327,0.00366817412586118,0.03147986508657863,-0.19068863396661684,-0.002047826031696998,0.02280182483348752,1.1146706119695915,0.0027980837922287278,-0.02931299828539515,-0.10881930905388161,-0.01548107884499338,0.08586520391531503,2.4587390739292827,0.0034178569654691095,0.024019568221792114
2024-06-30,0.23824059531171415,0.0027196219075485565,-0.13738485262844907,1.0749319573354987,0.005240188435651279,-0.19387142476761088,0.601325394947124,0.013409817297375778,0.10168032369327047,-1.3444334717892183,-0.0022448872442222298,0.0681292315643176,0.08530481435972169,-0.031197983346410586,0.0808492513767296,4.527431445089813,0.0036330572243002714,0.03541573240666647,-0.19047591429719432,-0.0019965687780946614,0.02776676290865139,1.1207507491016773,0.0028215333157739935,-0.032473964130723676,-0.10914717560773232,-0.015558707215521585,0.07992982693405437,2.449539566085524,0.003381054859729305,0.027912121270495385
2024-09-30,0.23836053372949026,0.002747944379027101,-0.13539011731803516,1.078286978628602,0.00525375289358775,-0.19528128608902617,0.6015294245267325,0.013448550948330203,0.10702870319830536,-1.3418423404730164,-0.0022320522321853213,0.06573767789148056,0.0854450652279416,-0.031164367457523108,0.08329818854871474,4.531416956325779,0.0036486171255804846,0.03349697113508582,-0.19043574604463434,-0.00198656894112244,0.028621928965681748,1.1219393891606724,0.002825798060915516,-0.033301825653190925,-0.10907211926161668,-0.01554033179014709,0.08158268446079232,2.4517179911784046,0.003389261569233166,0.026598630777724314
2024-12-31,0.2382582213914414,0.0027230259753327182,-0.13702635588371206,1.0753339908980892,0.005242549111191541,-0.19357683761593283,0.6016499719971077,0.01346584762497918,0.11008561872393768,-1.3417413196086958,-0.0022277186746713596,0.06558758207515086,0.08545864146411604,-0.031160988253457134,0.08340147903428638,4.531818248597595,0.0036500507812045504,0.03324093612874136,-0.1905555963588825,-0.002015159841742209,0.02670873865871986,1.1185548806802217,0.002812327850684087,-0.03169386054947131,-0.1091079327170298,-0.01554861797939064,0.0812738746265084,2.4507369438313042,0.003385159465491561,0.026901785715003203
2025-03-31,0.2377536621059991,0.0026007262552311273,-0.14545737882951607,1.0608531667252064,0.0051863314859211,-0.1854110439913674,0.6013509198447549,0.013373110634806043,0.10698058019443145,-1.354532466947544,-0.0022697598311096604,0.07748680864975444,0.08601587694171471,-0.031026269889911674,0.0926007540875757,4.5477703963323295,0.0037122289339055893,0.024488025629019312,-0.19056528512933382,-0.002017047855950701,0.02658149192377903,1.1183310864652412,0.002811165916979322,-0.031884702772493854,-0.10913726997649742,-0.015555445479011528,0.08097923358325722,2.4499288859731942,0.0033817915712196465,0.027180947913422817
2025-06-30,0.23812106356384868,0.002689705584032396,-0.13960202518066872,1.0713839978040947,0.005227442955712796,-0.1913643853520806,0.6012792863987729,0.013340593383933994,0.10793311485335084,-1.360183334218694,-0.002286134194304623,0.0826653123051324,0.08563307139656748,-0.031118826342504905,0.08635334137683007,4.536813294740565,0.003669469379234315,0.03054800029641562,-0.19086909067203858,-0.0020907961633186505,0.021763747727578886,1.109605716994639,0.0027771660818874493,-0.0268245688046305,-0.10904668386562885,-0.015533213915086993,0.08257213693680941,2.452559958872258,0.0033918344992995347,0.025508001102302034
2025-09-30,0.238366738329445,0.0027494173620815692,-0.13561956293296126,1.0784439428341488,0.005254961704322704,-0.19552464553508916,0.6014368522145853,0.013369258469237687,0.1122830581432573,-1.3586277933744813,-0.002276514121990175,0.08060487381347639,0.08578596497178075,-0.031081164647553387,0.08879246586808519,4.541260813736579,0.003686545848629379,0.027578983884089192,-0.19108333718691214,-0.0021429347535385887,0.01826677137238562,1.1034442631474606,0.0027531600002753186,-0.023144599865266652,-0.10915786290604594,-0.015560182319302398,0.08088134146839206,2.4493718016958845,0.0033793565430352062,0.027355082849084483
2025-12-31,0.23825694170353148,0.0027222399527344343,-0.13729557066064393,1.0752359988713522,0.005242733269340417,-0.19329474754307868,0.6015281857215431,0.01338060767542254,0.1152089353344979,-1.3590460491079843,-0.002274134891183204,0.08063692767436811,0.08602517164450223,-0.031022104523277142,0.0922054706639069,4.548229723153344,0.0037133017788437066,0.02280816946677902,-0.191328653968856,-0.0022030397405158335,0.014705603971121584,1.096349170934003,0.002725661576995826,-0.01860362326083736,-0.10928160112291205,-0.015590409555927966,0.07913054215021663,2.445801946277102,0.0033654750496507338,0.029578654604791872
2026-03-31,0.23773708040441432,0.002593817583314506,-0.14440084582997764,1.060085546471409,0.005184429329837237,-0.18286226135152173,0.6018724414631208,0.013459821788242392,0.11872429419554541,-1.3515442527460235,-0.002242186258504566,0.07243945393370124,0.08663553363507959,-0.03087123116107104,0.10031309282794995,4.566024951810583,0.003781832760996008,0.01047026081417176,-0.1912838927516845,-0.002191590930905344,0.015275538668184114,1.0976963184647914,0.0027306482552261597,-0.019809598357434982,-0.1088698170873595,-0.015488761038619056,0.0848639152028933,2.4577954034142464,0.0034116423296188967,0.021376645474350493
2026-06-30,0.23854986881853363,0.002795161279751099,-0.12517635550648612,1.0838256547042067,0.005275890292332736,-0.19967325673453518,0.6018300978022226,0.013432365718181027,0.10165200101717072,-1.3563611856245634,-0.002255443314881766,0.0812418939158926,0.08625143605102374,-0.03096544600253747,0.09441658518913564,4.554899113099573,0.0037387983923866,0.017645203016342363,-0.19188917118637241,-0.0023425225780149906,-0.003525886519564099,1.0799200080421745,0.0026622973399630695,-0.006468687353285353,-0.10927935652792413,-0.015590218090457096,0.0752528251734758,2.445833520708809,0.003365539019494568,0.029855607698393422
